team,playerId,playerName,hole,round,strokes,par,stableford
Fee,40001087,Jose Maria Olazabal,1,1,4,4,0
Fee,40001087,Jose Maria Olazabal,2,1,4,5,2
Fee,40001087,Jose Maria Olazabal,3,1,3,4,2
Fee,40001087,Jose Maria Olazabal,4,1,3,3,0
Fee,40001087,Jose Maria Olazabal,5,1,4,4,0
Fee,40001087,Jose Maria Olazabal,6,1,3,3,0
Fee,40001087,Jose Maria Olazabal,7,1,4,4,0
Fee,40001087,Jose Maria Olazabal,8,1,5,5,0
Fee,40001087,Jose Maria Olazabal,9,1,4,4,0
Fee,40001087,Jose Maria Olazabal,10,1,4,4,0
Fee,40001087,Jose Maria Olazabal,11,1,4,4,0
Fee,40001087,Jose Maria Olazabal,12,1,3,3,0
Fee,40001087,Jose Maria Olazabal,13,1,5,5,0
Fee,40001087,Jose Maria Olazabal,14,1,5,4,-1
Fee,40001087,Jose Maria Olazabal,15,1,7,5,-3
Fee,40001087,Jose Maria Olazabal,16,1,4,3,-1
Fee,40001087,Jose Maria Olazabal,17,1,4,4,0
Fee,40001087,Jose Maria Olazabal,18,1,4,4,0
Fee,40003142,Kristoffer Reitan,1,1,4,4,0
Fee,40003142,Kristoffer Reitan,2,1,5,5,0
Fee,40003142,Kristoffer Reitan,3,1,4,4,0
Fee,40003142,Kristoffer Reitan,4,1,4,3,-1
Fee,40003142,Kristoffer Reitan,5,1,4,4,0
Fee,40003142,Kristoffer Reitan,6,1,3,3,0
Fee,40003142,Kristoffer Reitan,7,1,4,4,0
Fee,40003142,Kristoffer Reitan,8,1,4,5,2
Fee,40003142,Kristoffer Reitan,9,1,4,4,0
Fee,40003142,Kristoffer Reitan,10,1,4,4,0
Fee,40003142,Kristoffer Reitan,11,1,4,4,0
Fee,40003142,Kristoffer Reitan,12,1,2,3,2
Fee,40003142,Kristoffer Reitan,13,1,3,5,5
Fee,40003142,Kristoffer Reitan,14,1,4,4,0
Fee,40003142,Kristoffer Reitan,15,1,6,5,-1
Fee,40003142,Kristoffer Reitan,16,1,5,3,-3
Fee,40003142,Kristoffer Reitan,17,1,4,4,0
Fee,40003142,Kristoffer Reitan,18,1,4,4,0
Fee,40003193,Nicolai Hojgaard,1,1,4,4,0
Fee,40003193,Nicolai Hojgaard,2,1,5,5,0
Fee,40003193,Nicolai Hojgaard,3,1,4,4,0
Fee,40003193,Nicolai Hojgaard,4,1,2,3,2
Fee,40003193,Nicolai Hojgaard,5,1,4,4,0
Fee,40003193,Nicolai Hojgaard,6,1,4,3,-1
Fee,40003193,Nicolai Hojgaard,7,1,4,4,0
Fee,40003193,Nicolai Hojgaard,8,1,6,5,-1
Fee,40003193,Nicolai Hojgaard,9,1,3,4,2
Fee,40003193,Nicolai Hojgaard,10,1,5,4,-1
Fee,40003193,Nicolai Hojgaard,11,1,5,4,-1
Fee,40003193,Nicolai Hojgaard,12,1,4,3,-1
Fee,40003193,Nicolai Hojgaard,13,1,3,5,5
Fee,40003193,Nicolai Hojgaard,14,1,4,4,0
Fee,40003193,Nicolai Hojgaard,15,1,5,5,0
Fee,40003193,Nicolai Hojgaard,16,1,5,3,-3
Fee,40003193,Nicolai Hojgaard,17,1,4,4,0
Fee,40003193,Nicolai Hojgaard,18,1,5,4,-1
Fee,40001353,J.J. Spaun,1,1,5,4,-1
Fee,40001353,J.J. Spaun,2,1,5,5,0
Fee,40001353,J.J. Spaun,3,1,4,4,0
Fee,40001353,J.J. Spaun,4,1,3,3,0
Fee,40001353,J.J. Spaun,5,1,5,4,-1
Fee,40001353,J.J. Spaun,6,1,3,3,0
Fee,40001353,J.J. Spaun,7,1,4,4,0
Fee,40001353,J.J. Spaun,8,1,4,5,2
Fee,40001353,J.J. Spaun,9,1,4,4,0
Fee,40001353,J.J. Spaun,10,1,4,4,0
Fee,40001353,J.J. Spaun,11,1,5,4,-1
Fee,40001353,J.J. Spaun,12,1,3,3,0
Fee,40001353,J.J. Spaun,13,1,4,5,2
Fee,40001353,J.J. Spaun,14,1,4,4,0
Fee,40001353,J.J. Spaun,15,1,5,5,0
Fee,40001353,J.J. Spaun,16,1,4,3,-1
Fee,40001353,J.J. Spaun,17,1,4,4,0
Mottola,40000200,Angel Cabrera,1,1,4,4,0
Mottola,40000200,Angel Cabrera,2,1,4,5,2
Mottola,40000200,Angel Cabrera,3,1,4,4,0
Mottola,40000200,Angel Cabrera,4,1,4,3,-1
Mottola,40000200,Angel Cabrera,5,1,5,4,-1
Mottola,40000200,Angel Cabrera,6,1,4,3,-1
Mottola,40000200,Angel Cabrera,7,1,5,4,-1
Mottola,40000200,Angel Cabrera,8,1,5,5,0
Mottola,40000200,Angel Cabrera,9,1,5,4,-1
Mottola,40000200,Angel Cabrera,10,1,5,4,-1
Mottola,40000200,Angel Cabrera,11,1,4,4,0
Mottola,40000200,Angel Cabrera,12,1,3,3,0
Mottola,40000200,Angel Cabrera,13,1,6,5,-1
Mottola,40000200,Angel Cabrera,14,1,4,4,0
Mottola,40000200,Angel Cabrera,15,1,5,5,0
Mottola,40000200,Angel Cabrera,16,1,3,3,0
Mottola,40000200,Angel Cabrera,17,1,4,4,0
Mottola,40000200,Angel Cabrera,18,1,5,4,-1
Mottola,40005053,Michael Brennan,1,1,4,4,0
Mottola,40005053,Michael Brennan,2,1,5,5,0
Mottola,40005053,Michael Brennan,3,1,4,4,0
Mottola,40005053,Michael Brennan,4,1,4,3,-1
Mottola,40005053,Michael Brennan,5,1,4,4,0
Mottola,40005053,Michael Brennan,6,1,2,3,2
Mottola,40005053,Michael Brennan,7,1,4,4,0
Mottola,40005053,Michael Brennan,8,1,5,5,0
Mottola,40005053,Michael Brennan,9,1,4,4,0
Mottola,40005053,Michael Brennan,10,1,4,4,0
Mottola,40005053,Michael Brennan,11,1,4,4,0
Mottola,40005053,Michael Brennan,12,1,2,3,2
Mottola,40005053,Michael Brennan,13,1,5,5,0
Mottola,40005053,Michael Brennan,14,1,4,4,0
Mottola,40005053,Michael Brennan,15,1,4,5,2
Mottola,40005053,Michael Brennan,16,1,4,3,-1
Mottola,40005053,Michael Brennan,17,1,5,4,-1
Mottola,40005053,Michael Brennan,18,1,4,4,0
Mottola,40000216,Patrick Cantlay,1,1,5,4,-1
Mottola,40000216,Patrick Cantlay,2,1,5,5,0
Mottola,40000216,Patrick Cantlay,3,1,4,4,0
Mottola,40000216,Patrick Cantlay,4,1,3,3,0
Mottola,40000216,Patrick Cantlay,5,1,5,4,-1
Mottola,40000216,Patrick Cantlay,6,1,3,3,0
Mottola,40000216,Patrick Cantlay,7,1,4,4,0
Mottola,40000216,Patrick Cantlay,8,1,5,5,0
Mottola,40000216,Patrick Cantlay,9,1,4,4,0
Mottola,40000216,Patrick Cantlay,10,1,5,4,-1
Mottola,40000216,Patrick Cantlay,11,1,5,4,-1
Mottola,40000216,Patrick Cantlay,12,1,3,3,0
Mottola,40000216,Patrick Cantlay,13,1,5,5,0
Mottola,40000216,Patrick Cantlay,14,1,4,4,0
Mottola,40000216,Patrick Cantlay,15,1,5,5,0
Mottola,40000216,Patrick Cantlay,16,1,3,3,0
Mottola,40000216,Patrick Cantlay,17,1,4,4,0
Mottola,40000216,Patrick Cantlay,18,1,5,4,-1
Mottola,40000430,Matt Fitzpatrick,1,1,4,4,0
Mottola,40000430,Matt Fitzpatrick,2,1,5,5,0
Mottola,40000430,Matt Fitzpatrick,3,1,5,4,-1
Mottola,40000430,Matt Fitzpatrick,4,1,3,3,0
Mottola,40000430,Matt Fitzpatrick,5,1,4,4,0
Mottola,40000430,Matt Fitzpatrick,6,1,3,3,0
Mottola,40000430,Matt Fitzpatrick,7,1,4,4,0
Mottola,40000430,Matt Fitzpatrick,8,1,5,5,0
Mottola,40000430,Matt Fitzpatrick,9,1,5,4,-1
Mottola,40000430,Matt Fitzpatrick,10,1,4,4,0
Mottola,40000430,Matt Fitzpatrick,11,1,4,4,0
Mottola,40000430,Matt Fitzpatrick,12,1,2,3,2
Mottola,40000430,Matt Fitzpatrick,13,1,4,5,2
Mottola,40000430,Matt Fitzpatrick,14,1,4,4,0
Mottola,40000430,Matt Fitzpatrick,15,1,5,5,0
Mottola,40000430,Matt Fitzpatrick,16,1,3,3,0
Mottola,40000430,Matt Fitzpatrick,17,1,4,4,0
Mottola,40000430,Matt Fitzpatrick,18,1,6,4,-3
Bagnowski,40002648,Max Greyserman,1,1,4,4,0
Bagnowski,40002648,Max Greyserman,2,1,5,5,0
Bagnowski,40002648,Max Greyserman,3,1,3,4,2
Bagnowski,40002648,Max Greyserman,4,1,3,3,0
Bagnowski,40002648,Max Greyserman,5,1,5,4,-1
Bagnowski,40002648,Max Greyserman,6,1,3,3,0
Bagnowski,40002648,Max Greyserman,7,1,4,4,0
Bagnowski,40002648,Max Greyserman,8,1,5,5,0
Bagnowski,40002648,Max Greyserman,9,1,6,4,-3
Bagnowski,40002648,Max Greyserman,10,1,5,4,-1
Bagnowski,40002648,Max Greyserman,11,1,5,4,-1
Bagnowski,40002648,Max Greyserman,12,1,4,3,-1
Bagnowski,40002648,Max Greyserman,13,1,4,5,2
Bagnowski,40002648,Max Greyserman,14,1,5,4,-1
Bagnowski,40002648,Max Greyserman,15,1,6,5,-1
Bagnowski,40002648,Max Greyserman,16,1,4,3,-1
Bagnowski,40002648,Max Greyserman,17,1,4,4,0
Bagnowski,40002648,Max Greyserman,18,1,4,4,0
Bagnowski,40000638,Max Homa,1,1,4,4,0
Bagnowski,40000638,Max Homa,2,1,5,5,0
Bagnowski,40000638,Max Homa,3,1,4,4,0
Bagnowski,40000638,Max Homa,4,1,3,3,0
Bagnowski,40000638,Max Homa,5,1,4,4,0
Bagnowski,40000638,Max Homa,6,1,3,3,0
Bagnowski,40000638,Max Homa,7,1,5,4,-1
Bagnowski,40000638,Max Homa,8,1,3,5,5
Bagnowski,40000638,Max Homa,9,1,4,4,0
Bagnowski,40000638,Max Homa,10,1,4,4,0
Bagnowski,40000638,Max Homa,11,1,4,4,0
Bagnowski,40000638,Max Homa,12,1,5,3,-3
Bagnowski,40000638,Max Homa,13,1,4,5,2
Bagnowski,40000638,Max Homa,14,1,5,4,-1
Bagnowski,40000638,Max Homa,15,1,4,5,2
Bagnowski,40000638,Max Homa,16,1,3,3,0
Bagnowski,40000638,Max Homa,17,1,4,4,0
Bagnowski,40000638,Max Homa,18,1,4,4,0
Bagnowski,40000007,Brooks Koepka,1,1,5,4,-1
Bagnowski,40000007,Brooks Koepka,2,1,4,5,2
Bagnowski,40000007,Brooks Koepka,3,1,3,4,2
Bagnowski,40000007,Brooks Koepka,4,1,3,3,0
Bagnowski,40000007,Brooks Koepka,5,1,5,4,-1
Bagnowski,40000007,Brooks Koepka,6,1,3,3,0
Bagnowski,40000007,Brooks Koepka,7,1,4,4,0
Bagnowski,40000007,Brooks Koepka,8,1,4,5,2
Bagnowski,40000007,Brooks Koepka,9,1,5,4,-1
Bagnowski,40000007,Brooks Koepka,10,1,5,4,-1
Bagnowski,40000007,Brooks Koepka,11,1,4,4,0
Bagnowski,40000007,Brooks Koepka,12,1,3,3,0
Bagnowski,40000007,Brooks Koepka,13,1,5,5,0
Bagnowski,40000007,Brooks Koepka,14,1,4,4,0
Bagnowski,40000007,Brooks Koepka,15,1,4,5,2
Bagnowski,40000007,Brooks Koepka,16,1,3,3,0
Bagnowski,40000004,Jordan Spieth,1,1,4,4,0
Bagnowski,40000004,Jordan Spieth,2,1,4,5,2
Bagnowski,40000004,Jordan Spieth,3,1,4,4,0
Bagnowski,40000004,Jordan Spieth,4,1,3,3,0
Bagnowski,40000004,Jordan Spieth,5,1,4,4,0
Bagnowski,40000004,Jordan Spieth,6,1,3,3,0
Bagnowski,40000004,Jordan Spieth,7,1,5,4,-1
Bagnowski,40000004,Jordan Spieth,8,1,4,5,2
Bagnowski,40000004,Jordan Spieth,9,1,3,4,2
Bagnowski,40000004,Jordan Spieth,10,1,4,4,0
Bagnowski,40000004,Jordan Spieth,11,1,4,4,0
Bagnowski,40000004,Jordan Spieth,12,1,3,3,0
Bagnowski,40000004,Jordan Spieth,13,1,5,5,0
Bagnowski,40000004,Jordan Spieth,14,1,5,4,-1
Bagnowski,40000004,Jordan Spieth,15,1,6,5,-1
Bagnowski,40000004,Jordan Spieth,16,1,3,3,0
Gilson,40006412,Jackson Herrington,1,1,5,4,-1
Gilson,40006412,Jackson Herrington,2,1,4,5,2
Gilson,40006412,Jackson Herrington,3,1,4,4,0
Gilson,40006412,Jackson Herrington,4,1,2,3,2
Gilson,40006412,Jackson Herrington,5,1,5,4,-1
Gilson,40006412,Jackson Herrington,6,1,5,3,-3
Gilson,40006412,Jackson Herrington,7,1,5,4,-1
Gilson,40006412,Jackson Herrington,8,1,4,5,2
Gilson,40006412,Jackson Herrington,9,1,5,4,-1
Gilson,40006412,Jackson Herrington,10,1,4,4,0
Gilson,40006412,Jackson Herrington,11,1,4,4,0
Gilson,40006412,Jackson Herrington,12,1,3,3,0
Gilson,40006412,Jackson Herrington,13,1,4,5,2
Gilson,40006412,Jackson Herrington,14,1,5,4,-1
Gilson,40006412,Jackson Herrington,15,1,5,5,0
Gilson,40006412,Jackson Herrington,16,1,3,3,0
Gilson,40006412,Jackson Herrington,17,1,5,4,-1
Gilson,40006412,Jackson Herrington,18,1,4,4,0
Gilson,40003315,Nicolas Echavarria,1,1,4,4,0
Gilson,40003315,Nicolas Echavarria,2,1,5,5,0
Gilson,40003315,Nicolas Echavarria,3,1,5,4,-1
Gilson,40003315,Nicolas Echavarria,4,1,4,3,-1
Gilson,40003315,Nicolas Echavarria,5,1,5,4,-1
Gilson,40003315,Nicolas Echavarria,6,1,3,3,0
Gilson,40003315,Nicolas Echavarria,7,1,3,4,2
Gilson,40003315,Nicolas Echavarria,8,1,4,5,2
Gilson,40003315,Nicolas Echavarria,9,1,4,4,0
Gilson,40003315,Nicolas Echavarria,10,1,6,4,-3
Gilson,40003315,Nicolas Echavarria,11,1,6,4,-3
Gilson,40003315,Nicolas Echavarria,12,1,3,3,0
Gilson,40003315,Nicolas Echavarria,13,1,5,5,0
Gilson,40003315,Nicolas Echavarria,14,1,4,4,0
Gilson,40003315,Nicolas Echavarria,15,1,5,5,0
Gilson,40003315,Nicolas Echavarria,16,1,4,3,-1
Gilson,40003315,Nicolas Echavarria,17,1,4,4,0
Gilson,40003315,Nicolas Echavarria,18,1,5,4,-1
Gilson,40002578,Aaron Rai,1,1,3,4,2
Gilson,40002578,Aaron Rai,2,1,4,5,2
Gilson,40002578,Aaron Rai,3,1,4,4,0
Gilson,40002578,Aaron Rai,4,1,2,3,2
Gilson,40002578,Aaron Rai,5,1,4,4,0
Gilson,40002578,Aaron Rai,6,1,3,3,0
Gilson,40002578,Aaron Rai,7,1,4,4,0
Gilson,40002578,Aaron Rai,8,1,5,5,0
Gilson,40002578,Aaron Rai,9,1,4,4,0
Gilson,40002578,Aaron Rai,10,1,4,4,0
Gilson,40002578,Aaron Rai,11,1,5,4,-1
Gilson,40002578,Aaron Rai,12,1,4,3,-1
Gilson,40002578,Aaron Rai,13,1,4,5,2
Gilson,40002578,Aaron Rai,14,1,4,4,0
Gilson,40002578,Aaron Rai,15,1,5,5,0
Gilson,40002578,Aaron Rai,16,1,3,3,0
Gilson,40002578,Aaron Rai,17,1,5,4,-1
Gilson,40002578,Aaron Rai,18,1,4,4,0
Gilson,40001274,Scottie Scheffler,1,1,4,4,0
Gilson,40001274,Scottie Scheffler,2,1,3,5,5
Gilson,40001274,Scottie Scheffler,3,1,3,4,2
Gilson,40001274,Scottie Scheffler,4,1,3,3,0
Gilson,40001274,Scottie Scheffler,5,1,4,4,0
Gilson,40001274,Scottie Scheffler,6,1,3,3,0
Gilson,40001274,Scottie Scheffler,7,1,4,4,0
Gilson,40001274,Scottie Scheffler,8,1,5,5,0
Gilson,40001274,Scottie Scheffler,9,1,4,4,0
Gilson,40001274,Scottie Scheffler,10,1,4,4,0
Gilson,40001274,Scottie Scheffler,11,1,5,4,-1
Gilson,40001274,Scottie Scheffler,12,1,3,3,0
Gilson,40001274,Scottie Scheffler,13,1,5,5,0
Gilson,40001274,Scottie Scheffler,14,1,4,4,0
Gibb,40003220,Rasmus Hojgaard,1,1,4,4,0
Gibb,40003220,Rasmus Hojgaard,2,1,6,5,-1
Gibb,40003220,Rasmus Hojgaard,3,1,4,4,0
Gibb,40003220,Rasmus Hojgaard,4,1,2,3,2
Gibb,40003220,Rasmus Hojgaard,5,1,5,4,-1
Gibb,40003220,Rasmus Hojgaard,6,1,3,3,0
Gibb,40003220,Rasmus Hojgaard,7,1,5,4,-1
Gibb,40003220,Rasmus Hojgaard,8,1,5,5,0
Gibb,40003220,Rasmus Hojgaard,9,1,3,4,2
Gibb,40003220,Rasmus Hojgaard,10,1,3,4,2
Gibb,40003220,Rasmus Hojgaard,11,1,4,4,0
Gibb,40003220,Rasmus Hojgaard,12,1,4,3,-1
Gibb,40003220,Rasmus Hojgaard,13,1,8,5,-3
Gibb,40003220,Rasmus Hojgaard,14,1,4,4,0
Gibb,40003220,Rasmus Hojgaard,15,1,7,5,-3
Gibb,40003220,Rasmus Hojgaard,16,1,3,3,0
Gibb,40003220,Rasmus Hojgaard,17,1,4,4,0
Gibb,40003220,Rasmus Hojgaard,18,1,4,4,0
Gibb,40005060,Chris Gotterup,1,1,4,4,0
Gibb,40005060,Chris Gotterup,2,1,5,5,0
Gibb,40005060,Chris Gotterup,3,1,3,4,2
Gibb,40005060,Chris Gotterup,4,1,3,3,0
Gibb,40005060,Chris Gotterup,5,1,4,4,0
Gibb,40005060,Chris Gotterup,6,1,3,3,0
Gibb,40005060,Chris Gotterup,7,1,5,4,-1
Gibb,40005060,Chris Gotterup,8,1,5,5,0
Gibb,40005060,Chris Gotterup,9,1,3,4,2
Gibb,40005060,Chris Gotterup,10,1,5,4,-1
Gibb,40005060,Chris Gotterup,11,1,4,4,0
Gibb,40005060,Chris Gotterup,12,1,4,3,-1
Gibb,40005060,Chris Gotterup,13,1,4,5,2
Gibb,40005060,Chris Gotterup,14,1,5,4,-1
Gibb,40005060,Chris Gotterup,15,1,4,5,2
Gibb,40005060,Chris Gotterup,16,1,3,3,0
Gibb,40005060,Chris Gotterup,17,1,4,4,0
Gibb,40000012,Zach Johnson,1,1,5,4,-1
Gibb,40000012,Zach Johnson,2,1,4,5,2
Gibb,40000012,Zach Johnson,3,1,4,4,0
Gibb,40000012,Zach Johnson,4,1,3,3,0
Gibb,40000012,Zach Johnson,5,1,5,4,-1
Gibb,40000012,Zach Johnson,6,1,2,3,2
Gibb,40000012,Zach Johnson,7,1,4,4,0
Gibb,40000012,Zach Johnson,8,1,5,5,0
Gibb,40000012,Zach Johnson,9,1,4,4,0
Gibb,40000012,Zach Johnson,10,1,4,4,0
Gibb,40000012,Zach Johnson,11,1,4,4,0
Gibb,40000012,Zach Johnson,12,1,3,3,0
Gibb,40000012,Zach Johnson,13,1,5,5,0
Gibb,40000012,Zach Johnson,14,1,5,4,-1
Gibb,40000012,Zach Johnson,15,1,5,5,0
Gibb,40000012,Zach Johnson,16,1,3,3,0
Gibb,40000012,Zach Johnson,17,1,5,4,-1
Gibb,40000012,Zach Johnson,18,1,5,4,-1
Gibb,40000977,Maverick McNealy,1,1,5,4,-1
Gibb,40000977,Maverick McNealy,2,1,5,5,0
Gibb,40000977,Maverick McNealy,3,1,4,4,0
Gibb,40000977,Maverick McNealy,4,1,4,3,-1
Gibb,40000977,Maverick McNealy,5,1,5,4,-1
Gibb,40000977,Maverick McNealy,6,1,3,3,0
Gibb,40000977,Maverick McNealy,7,1,4,4,0
Gibb,40000977,Maverick McNealy,8,1,5,5,0
Gibb,40000977,Maverick McNealy,9,1,5,4,-1
Gibb,40000977,Maverick McNealy,10,1,4,4,0
Gibb,40000977,Maverick McNealy,11,1,4,4,0
Gibb,40000977,Maverick McNealy,12,1,3,3,0
Gibb,40000977,Maverick McNealy,13,1,5,5,0
Gibb,40000977,Maverick McNealy,14,1,4,4,0
Gibb,40000977,Maverick McNealy,15,1,6,5,-1
Gibb,40000977,Maverick McNealy,16,1,3,3,0
Gibb,40000977,Maverick McNealy,17,1,4,4,0
Penton,40003812,Casey Jarvis,1,1,4,4,0
Penton,40003812,Casey Jarvis,2,1,5,5,0
Penton,40003812,Casey Jarvis,3,1,3,4,2
Penton,40003812,Casey Jarvis,4,1,5,3,-3
Penton,40003812,Casey Jarvis,5,1,5,4,-1
Penton,40003812,Casey Jarvis,6,1,2,3,2
Penton,40003812,Casey Jarvis,7,1,5,4,-1
Penton,40003812,Casey Jarvis,8,1,5,5,0
Penton,40003812,Casey Jarvis,9,1,4,4,0
Penton,40003812,Casey Jarvis,10,1,3,4,2
Penton,40003812,Casey Jarvis,11,1,5,4,-1
Penton,40003812,Casey Jarvis,12,1,3,3,0
Penton,40003812,Casey Jarvis,13,1,8,5,-3
Penton,40003812,Casey Jarvis,14,1,4,4,0
Penton,40003812,Casey Jarvis,15,1,5,5,0
Penton,40003812,Casey Jarvis,16,1,3,3,0
Penton,40003812,Casey Jarvis,17,1,4,4,0
Penton,40003812,Casey Jarvis,18,1,4,4,0
Penton,40000859,Hao-Tong Li,1,1,4,4,0
Penton,40000859,Hao-Tong Li,2,1,5,5,0
Penton,40000859,Hao-Tong Li,3,1,4,4,0
Penton,40000859,Hao-Tong Li,4,1,3,3,0
Penton,40000859,Hao-Tong Li,5,1,5,4,-1
Penton,40000859,Hao-Tong Li,6,1,3,3,0
Penton,40000859,Hao-Tong Li,7,1,4,4,0
Penton,40000859,Hao-Tong Li,8,1,5,5,0
Penton,40000859,Hao-Tong Li,9,1,4,4,0
Penton,40000859,Hao-Tong Li,10,1,5,4,-1
Penton,40000859,Hao-Tong Li,11,1,4,4,0
Penton,40000859,Hao-Tong Li,12,1,3,3,0
Penton,40000859,Hao-Tong Li,13,1,4,5,2
Penton,40000859,Hao-Tong Li,14,1,4,4,0
Penton,40000859,Hao-Tong Li,15,1,3,5,5
Penton,40000859,Hao-Tong Li,16,1,3,3,0
Penton,40000859,Hao-Tong Li,17,1,4,4,0
Penton,40000859,Hao-Tong Li,18,1,4,4,0
Penton,40003519,Akshay Bhatia,1,1,4,4,0
Penton,40003519,Akshay Bhatia,2,1,4,5,2
Penton,40003519,Akshay Bhatia,3,1,4,4,0
Penton,40003519,Akshay Bhatia,4,1,2,3,2
Penton,40003519,Akshay Bhatia,5,1,5,4,-1
Penton,40003519,Akshay Bhatia,6,1,3,3,0
Penton,40003519,Akshay Bhatia,7,1,4,4,0
Penton,40003519,Akshay Bhatia,8,1,4,5,2
Penton,40003519,Akshay Bhatia,9,1,4,4,0
Penton,40003519,Akshay Bhatia,10,1,4,4,0
Penton,40003519,Akshay Bhatia,11,1,4,4,0
Penton,40003519,Akshay Bhatia,12,1,4,3,-1
Penton,40003519,Akshay Bhatia,13,1,6,5,-1
Penton,40003519,Akshay Bhatia,14,1,3,4,2
Penton,40003519,Akshay Bhatia,15,1,6,5,-1
Penton,40003519,Akshay Bhatia,16,1,3,3,0
Penton,40003519,Akshay Bhatia,17,1,6,4,-3
Penton,40003519,Akshay Bhatia,18,1,3,4,2
Penton,40005133,Jacob Bridgeman,1,1,4,4,0
Penton,40005133,Jacob Bridgeman,2,1,5,5,0
Penton,40005133,Jacob Bridgeman,3,1,4,4,0
Penton,40005133,Jacob Bridgeman,4,1,3,3,0
Penton,40005133,Jacob Bridgeman,5,1,5,4,-1
Penton,40005133,Jacob Bridgeman,6,1,3,3,0
Penton,40005133,Jacob Bridgeman,7,1,4,4,0
Penton,40005133,Jacob Bridgeman,8,1,5,5,0
Penton,40005133,Jacob Bridgeman,9,1,4,4,0
Penton,40005133,Jacob Bridgeman,10,1,4,4,0
Penton,40005133,Jacob Bridgeman,11,1,4,4,0
Penton,40005133,Jacob Bridgeman,12,1,3,3,0
Penton,40005133,Jacob Bridgeman,13,1,4,5,2
Penton,40005133,Jacob Bridgeman,14,1,5,4,-1
Penton,40005133,Jacob Bridgeman,15,1,5,5,0
Penton,40005133,Jacob Bridgeman,16,1,2,3,2
Penton,40005133,Jacob Bridgeman,17,1,4,4,0
Penton,40005133,Jacob Bridgeman,18,1,3,4,2
Huszczo,40002249,Kurt Kitayama,1,1,4,4,0
Huszczo,40002249,Kurt Kitayama,2,1,4,5,2
Huszczo,40002249,Kurt Kitayama,3,1,4,4,0
Huszczo,40002249,Kurt Kitayama,4,1,3,3,0
Huszczo,40002249,Kurt Kitayama,5,1,5,4,-1
Huszczo,40002249,Kurt Kitayama,6,1,2,3,2
Huszczo,40002249,Kurt Kitayama,7,1,3,4,2
Huszczo,40002249,Kurt Kitayama,8,1,5,5,0
Huszczo,40002249,Kurt Kitayama,9,1,3,4,2
Huszczo,40002249,Kurt Kitayama,10,1,3,4,2
Huszczo,40002249,Kurt Kitayama,11,1,5,4,-1
Huszczo,40002249,Kurt Kitayama,12,1,5,3,-3
Huszczo,40002249,Kurt Kitayama,13,1,4,5,2
Huszczo,40002249,Kurt Kitayama,14,1,5,4,-1
Huszczo,40002249,Kurt Kitayama,15,1,4,5,2
Huszczo,40002249,Kurt Kitayama,16,1,3,3,0
Huszczo,40002249,Kurt Kitayama,17,1,3,4,2
Huszczo,40002249,Kurt Kitayama,18,1,4,4,0
Huszczo,40001317,Vijay Singh,1,1,4,4,0
Huszczo,40001317,Vijay Singh,2,1,5,5,0
Huszczo,40001317,Vijay Singh,3,1,4,4,0
Huszczo,40001317,Vijay Singh,4,1,3,3,0
Huszczo,40001317,Vijay Singh,5,1,5,4,-1
Huszczo,40001317,Vijay Singh,6,1,3,3,0
Huszczo,40001317,Vijay Singh,7,1,5,4,-1
Huszczo,40001317,Vijay Singh,8,1,5,5,0
Huszczo,40001317,Vijay Singh,9,1,4,4,0
Huszczo,40001317,Vijay Singh,10,1,5,4,-1
Huszczo,40001317,Vijay Singh,11,1,5,4,-1
Huszczo,40001317,Vijay Singh,12,1,4,3,-1
Huszczo,40001317,Vijay Singh,13,1,5,5,0
Huszczo,40001317,Vijay Singh,14,1,4,4,0
Huszczo,40001317,Vijay Singh,15,1,5,5,0
Huszczo,40001317,Vijay Singh,16,1,4,3,-1
Huszczo,40001317,Vijay Singh,17,1,4,4,0
Huszczo,40001317,Vijay Singh,18,1,5,4,-1
Huszczo,40002911,Andrew Novak,1,1,4,4,0
Huszczo,40002911,Andrew Novak,2,1,5,5,0
Huszczo,40002911,Andrew Novak,3,1,3,4,2
Huszczo,40002911,Andrew Novak,4,1,3,3,0
Huszczo,40002911,Andrew Novak,5,1,5,4,-1
Huszczo,40002911,Andrew Novak,6,1,3,3,0
Huszczo,40002911,Andrew Novak,7,1,4,4,0
Huszczo,40002911,Andrew Novak,8,1,5,5,0
Huszczo,40002911,Andrew Novak,9,1,5,4,-1
Huszczo,40002911,Andrew Novak,10,1,6,4,-3
Huszczo,40002911,Andrew Novak,11,1,4,4,0
Huszczo,40002911,Andrew Novak,12,1,3,3,0
Huszczo,40002911,Andrew Novak,13,1,5,5,0
Huszczo,40002911,Andrew Novak,14,1,4,4,0
Huszczo,40002911,Andrew Novak,15,1,4,5,2
Huszczo,40002911,Andrew Novak,16,1,3,3,0
Huszczo,40002911,Andrew Novak,17,1,4,4,0
Huszczo,40002911,Andrew Novak,18,1,5,4,-1
Huszczo,40001638,Xander Schauffele,1,1,4,4,0
Huszczo,40001638,Xander Schauffele,2,1,4,5,2
Huszczo,40001638,Xander Schauffele,3,1,4,4,0
Huszczo,40001638,Xander Schauffele,4,1,4,3,-1
Huszczo,40001638,Xander Schauffele,5,1,3,4,2
Huszczo,40001638,Xander Schauffele,6,1,3,3,0
Huszczo,40001638,Xander Schauffele,7,1,4,4,0
Huszczo,40001638,Xander Schauffele,8,1,5,5,0
Huszczo,40001638,Xander Schauffele,9,1,4,4,0
Huszczo,40001638,Xander Schauffele,10,1,3,4,2
Huszczo,40001638,Xander Schauffele,11,1,4,4,0
Huszczo,40001638,Xander Schauffele,12,1,3,3,0
Huszczo,40001638,Xander Schauffele,13,1,4,5,2
Huszczo,40001638,Xander Schauffele,14,1,5,4,-1
Huszczo,40001638,Xander Schauffele,15,1,5,5,0
Huszczo,40001638,Xander Schauffele,16,1,4,3,-1
Huszczo,40001638,Xander Schauffele,17,1,3,4,2
Huszczo,40001638,Xander Schauffele,18,1,4,4,0
M. Ayers,40005036,Matt McCarty,1,1,4,4,0
M. Ayers,40005036,Matt McCarty,2,1,5,5,0
M. Ayers,40005036,Matt McCarty,3,1,4,4,0
M. Ayers,40005036,Matt McCarty,4,1,3,3,0
M. Ayers,40005036,Matt McCarty,5,1,4,4,0
M. Ayers,40005036,Matt McCarty,6,1,3,3,0
M. Ayers,40005036,Matt McCarty,7,1,4,4,0
M. Ayers,40005036,Matt McCarty,8,1,4,5,2
M. Ayers,40005036,Matt McCarty,9,1,5,4,-1
M. Ayers,40005036,Matt McCarty,10,1,4,4,0
M. Ayers,40005036,Matt McCarty,11,1,4,4,0
M. Ayers,40005036,Matt McCarty,12,1,3,3,0
M. Ayers,40005036,Matt McCarty,13,1,5,5,0
M. Ayers,40005036,Matt McCarty,14,1,4,4,0
M. Ayers,40005036,Matt McCarty,15,1,5,5,0
M. Ayers,40005036,Matt McCarty,16,1,3,3,0
M. Ayers,40005036,Matt McCarty,17,1,4,4,0
M. Ayers,40005036,Matt McCarty,18,1,4,4,0
M. Ayers,40000194,Sam Burns,1,1,4,4,0
M. Ayers,40000194,Sam Burns,2,1,3,5,5
M. Ayers,40000194,Sam Burns,3,1,4,4,0
M. Ayers,40000194,Sam Burns,4,1,3,3,0
M. Ayers,40000194,Sam Burns,5,1,4,4,0
M. Ayers,40000194,Sam Burns,6,1,4,3,-1
M. Ayers,40000194,Sam Burns,7,1,4,4,0
M. Ayers,40000194,Sam Burns,8,1,4,5,2
M. Ayers,40000194,Sam Burns,9,1,4,4,0
M. Ayers,40000194,Sam Burns,10,1,4,4,0
M. Ayers,40000194,Sam Burns,11,1,4,4,0
M. Ayers,40000194,Sam Burns,12,1,2,3,2
M. Ayers,40000194,Sam Burns,13,1,4,5,2
M. Ayers,40000194,Sam Burns,14,1,4,4,0
M. Ayers,40000194,Sam Burns,15,1,4,5,2
M. Ayers,40000194,Sam Burns,16,1,3,3,0
M. Ayers,40000194,Sam Burns,17,1,4,4,0
M. Ayers,40000194,Sam Burns,18,1,4,4,0
M. Ayers,40002471,Collin Morikawa,1,1,4,4,0
M. Ayers,40002471,Collin Morikawa,2,1,5,5,0
M. Ayers,40002471,Collin Morikawa,3,1,4,4,0
M. Ayers,40002471,Collin Morikawa,4,1,3,3,0
M. Ayers,40002471,Collin Morikawa,5,1,4,4,0
M. Ayers,40002471,Collin Morikawa,6,1,3,3,0
M. Ayers,40002471,Collin Morikawa,7,1,5,4,-1
M. Ayers,40002471,Collin Morikawa,8,1,5,5,0
M. Ayers,40002471,Collin Morikawa,9,1,5,4,-1
M. Ayers,40002471,Collin Morikawa,10,1,3,4,2
M. Ayers,40002471,Collin Morikawa,11,1,5,4,-1
M. Ayers,40002471,Collin Morikawa,12,1,3,3,0
M. Ayers,40002471,Collin Morikawa,13,1,4,5,2
M. Ayers,40002471,Collin Morikawa,14,1,5,4,-1
M. Ayers,40002471,Collin Morikawa,15,1,5,5,0
M. Ayers,40002471,Collin Morikawa,16,1,3,3,0
M. Ayers,40002471,Collin Morikawa,17,1,4,4,0
M. Ayers,40002471,Collin Morikawa,18,1,4,4,0
M. Ayers,40001565,Danny Willett,1,1,5,4,-1
M. Ayers,40001565,Danny Willett,2,1,5,5,0
M. Ayers,40001565,Danny Willett,3,1,3,4,2
M. Ayers,40001565,Danny Willett,4,1,3,3,0
M. Ayers,40001565,Danny Willett,5,1,4,4,0
M. Ayers,40001565,Danny Willett,6,1,3,3,0
M. Ayers,40001565,Danny Willett,7,1,5,4,-1
M. Ayers,40001565,Danny Willett,8,1,6,5,-1
M. Ayers,40001565,Danny Willett,9,1,3,4,2
M. Ayers,40001565,Danny Willett,10,1,3,4,2
M. Ayers,40001565,Danny Willett,11,1,4,4,0
M. Ayers,40001565,Danny Willett,12,1,3,3,0
M. Ayers,40001565,Danny Willett,13,1,4,5,2
M. Ayers,40001565,Danny Willett,14,1,4,4,0
M. Ayers,40001565,Danny Willett,15,1,8,5,-3
M. Ayers,40001565,Danny Willett,16,1,3,3,0
M. Ayers,40001565,Danny Willett,17,1,5,4,-1
M. Ayers,40001565,Danny Willett,18,1,4,4,0
Hivnor,40003478,Sami Valimaki,1,1,4,4,0
Hivnor,40003478,Sami Valimaki,2,1,5,5,0
Hivnor,40003478,Sami Valimaki,3,1,4,4,0
Hivnor,40003478,Sami Valimaki,4,1,3,3,0
Hivnor,40003478,Sami Valimaki,5,1,4,4,0
Hivnor,40003478,Sami Valimaki,6,1,3,3,0
Hivnor,40003478,Sami Valimaki,7,1,4,4,0
Hivnor,40003478,Sami Valimaki,8,1,6,5,-1
Hivnor,40003478,Sami Valimaki,9,1,4,4,0
Hivnor,40003478,Sami Valimaki,10,1,4,4,0
Hivnor,40003478,Sami Valimaki,11,1,6,4,-3
Hivnor,40003478,Sami Valimaki,12,1,3,3,0
Hivnor,40003478,Sami Valimaki,13,1,5,5,0
Hivnor,40003478,Sami Valimaki,14,1,4,4,0
Hivnor,40003478,Sami Valimaki,15,1,6,5,-1
Hivnor,40003478,Sami Valimaki,16,1,4,3,-1
Hivnor,40003478,Sami Valimaki,17,1,6,4,-3
Hivnor,40003478,Sami Valimaki,18,1,5,4,-1
Hivnor,40000479,Sergio Garcia,1,1,4,4,0
Hivnor,40000479,Sergio Garcia,2,1,4,5,2
Hivnor,40000479,Sergio Garcia,3,1,4,4,0
Hivnor,40000479,Sergio Garcia,4,1,3,3,0
Hivnor,40000479,Sergio Garcia,5,1,4,4,0
Hivnor,40000479,Sergio Garcia,6,1,3,3,0
Hivnor,40000479,Sergio Garcia,7,1,4,4,0
Hivnor,40000479,Sergio Garcia,8,1,4,5,2
Hivnor,40000479,Sergio Garcia,9,1,5,4,-1
Hivnor,40000479,Sergio Garcia,10,1,4,4,0
Hivnor,40000479,Sergio Garcia,11,1,5,4,-1
Hivnor,40000479,Sergio Garcia,12,1,3,3,0
Hivnor,40000479,Sergio Garcia,13,1,4,5,2
Hivnor,40000479,Sergio Garcia,14,1,4,4,0
Hivnor,40000479,Sergio Garcia,15,1,6,5,-1
Hivnor,40000479,Sergio Garcia,16,1,3,3,0
Hivnor,40000479,Sergio Garcia,17,1,4,4,0
Hivnor,40000479,Sergio Garcia,18,1,4,4,0
Hivnor,40005232,Ryan Gerard,1,1,5,4,-1
Hivnor,40005232,Ryan Gerard,2,1,4,5,2
Hivnor,40005232,Ryan Gerard,3,1,3,4,2
Hivnor,40005232,Ryan Gerard,4,1,3,3,0
Hivnor,40005232,Ryan Gerard,5,1,4,4,0
Hivnor,40005232,Ryan Gerard,6,1,4,3,-1
Hivnor,40005232,Ryan Gerard,7,1,5,4,-1
Hivnor,40005232,Ryan Gerard,8,1,6,5,-1
Hivnor,40005232,Ryan Gerard,9,1,5,4,-1
Hivnor,40005232,Ryan Gerard,10,1,4,4,0
Hivnor,40005232,Ryan Gerard,11,1,3,4,2
Hivnor,40005232,Ryan Gerard,12,1,3,3,0
Hivnor,40005232,Ryan Gerard,13,1,4,5,2
Hivnor,40005232,Ryan Gerard,14,1,4,4,0
Hivnor,40005232,Ryan Gerard,15,1,4,5,2
Hivnor,40005232,Ryan Gerard,16,1,3,3,0
Hivnor,40005232,Ryan Gerard,17,1,5,4,-1
Hivnor,40005232,Ryan Gerard,18,1,3,4,2
Hivnor,40000013,Justin Rose,1,1,4,4,0
Hivnor,40000013,Justin Rose,2,1,4,5,2
Hivnor,40000013,Justin Rose,3,1,3,4,2
Hivnor,40000013,Justin Rose,4,1,3,3,0
Hivnor,40000013,Justin Rose,5,1,4,4,0
Hivnor,40000013,Justin Rose,6,1,3,3,0
Hivnor,40000013,Justin Rose,7,1,4,4,0
Hivnor,40000013,Justin Rose,8,1,4,5,2
Hivnor,40000013,Justin Rose,9,1,4,4,0
Hivnor,40000013,Justin Rose,10,1,4,4,0
Hivnor,40000013,Justin Rose,11,1,4,4,0
Hivnor,40000013,Justin Rose,12,1,3,3,0
Hivnor,40000013,Justin Rose,13,1,4,5,2
Hivnor,40000013,Justin Rose,14,1,5,4,-1
Hivnor,40000013,Justin Rose,15,1,4,5,2
Hivnor,40000013,Justin Rose,16,1,3,3,0
Plato,40004738,Rasmus Neergaard-Petersen,1,1,4,4,0
Plato,40004738,Rasmus Neergaard-Petersen,2,1,6,5,-1
Plato,40004738,Rasmus Neergaard-Petersen,3,1,4,4,0
Plato,40004738,Rasmus Neergaard-Petersen,4,1,3,3,0
Plato,40004738,Rasmus Neergaard-Petersen,5,1,4,4,0
Plato,40004738,Rasmus Neergaard-Petersen,6,1,3,3,0
Plato,40004738,Rasmus Neergaard-Petersen,7,1,4,4,0
Plato,40004738,Rasmus Neergaard-Petersen,8,1,5,5,0
Plato,40004738,Rasmus Neergaard-Petersen,9,1,5,4,-1
Plato,40004738,Rasmus Neergaard-Petersen,10,1,4,4,0
Plato,40004738,Rasmus Neergaard-Petersen,11,1,4,4,0
Plato,40004738,Rasmus Neergaard-Petersen,12,1,3,3,0
Plato,40004738,Rasmus Neergaard-Petersen,13,1,5,5,0
Plato,40004738,Rasmus Neergaard-Petersen,14,1,5,4,-1
Plato,40004738,Rasmus Neergaard-Petersen,15,1,6,5,-1
Plato,40004738,Rasmus Neergaard-Petersen,16,1,3,3,0
Plato,40004738,Rasmus Neergaard-Petersen,17,1,4,4,0
Plato,40004738,Rasmus Neergaard-Petersen,18,1,5,4,-1
Plato,40002343,Ben Griffin,1,1,5,4,-1
Plato,40002343,Ben Griffin,2,1,5,5,0
Plato,40002343,Ben Griffin,3,1,4,4,0
Plato,40002343,Ben Griffin,4,1,3,3,0
Plato,40002343,Ben Griffin,5,1,4,4,0
Plato,40002343,Ben Griffin,6,1,3,3,0
Plato,40002343,Ben Griffin,7,1,5,4,-1
Plato,40002343,Ben Griffin,8,1,4,5,2
Plato,40002343,Ben Griffin,9,1,4,4,0
Plato,40002343,Ben Griffin,10,1,4,4,0
Plato,40002343,Ben Griffin,11,1,4,4,0
Plato,40002343,Ben Griffin,12,1,3,3,0
Plato,40002343,Ben Griffin,13,1,4,5,2
Plato,40002343,Ben Griffin,14,1,4,4,0
Plato,40002343,Ben Griffin,15,1,4,5,2
Plato,40003218,Viktor Hovland,1,1,4,4,0
Plato,40003218,Viktor Hovland,2,1,5,5,0
Plato,40003218,Viktor Hovland,3,1,6,4,-3
Plato,40003218,Viktor Hovland,4,1,4,3,-1
Plato,40003218,Viktor Hovland,5,1,4,4,0
Plato,40003218,Viktor Hovland,6,1,3,3,0
Plato,40003218,Viktor Hovland,7,1,4,4,0
Plato,40003218,Viktor Hovland,8,1,5,5,0
Plato,40003218,Viktor Hovland,9,1,4,4,0
Plato,40003218,Viktor Hovland,10,1,4,4,0
Plato,40003218,Viktor Hovland,11,1,4,4,0
Plato,40003218,Viktor Hovland,12,1,4,3,-1
Plato,40003218,Viktor Hovland,13,1,4,5,2
Plato,40003218,Viktor Hovland,14,1,4,4,0
Plato,40003218,Viktor Hovland,15,1,5,5,0
Plato,40003218,Viktor Hovland,16,1,3,3,0
Plato,40003218,Viktor Hovland,17,1,4,4,0
Plato,40003218,Viktor Hovland,18,1,4,4,0
Plato,40003147,Tom McKibbin,1,1,5,4,-1
Plato,40003147,Tom McKibbin,2,1,4,5,2
Plato,40003147,Tom McKibbin,3,1,4,4,0
Plato,40003147,Tom McKibbin,4,1,3,3,0
Plato,40003147,Tom McKibbin,5,1,4,4,0
Plato,40003147,Tom McKibbin,6,1,4,3,-1
Plato,40003147,Tom McKibbin,7,1,4,4,0
Plato,40003147,Tom McKibbin,8,1,5,5,0
Plato,40003147,Tom McKibbin,9,1,3,4,2
Plato,40003147,Tom McKibbin,10,1,4,4,0
Plato,40003147,Tom McKibbin,11,1,4,4,0
Plato,40003147,Tom McKibbin,12,1,3,3,0
Plato,40003147,Tom McKibbin,13,1,5,5,0
Plato,40003147,Tom McKibbin,14,1,5,4,-1
Plato,40003147,Tom McKibbin,15,1,5,5,0
Plato,40003147,Tom McKibbin,16,1,4,3,-1
Plato,40003147,Tom McKibbin,17,1,5,4,-1
Plato,40003147,Tom McKibbin,18,1,4,4,0
Mignogna,40001290,Charl Schwartzel,1,1,5,4,-1
Mignogna,40001290,Charl Schwartzel,2,1,5,5,0
Mignogna,40001290,Charl Schwartzel,3,1,4,4,0
Mignogna,40001290,Charl Schwartzel,4,1,3,3,0
Mignogna,40001290,Charl Schwartzel,5,1,4,4,0
Mignogna,40001290,Charl Schwartzel,6,1,2,3,2
Mignogna,40001290,Charl Schwartzel,7,1,4,4,0
Mignogna,40001290,Charl Schwartzel,8,1,5,5,0
Mignogna,40001290,Charl Schwartzel,9,1,5,4,-1
Mignogna,40001290,Charl Schwartzel,10,1,5,4,-1
Mignogna,40001290,Charl Schwartzel,11,1,4,4,0
Mignogna,40001290,Charl Schwartzel,12,1,2,3,2
Mignogna,40001290,Charl Schwartzel,13,1,5,5,0
Mignogna,40001290,Charl Schwartzel,14,1,5,4,-1
Mignogna,40001290,Charl Schwartzel,15,1,5,5,0
Mignogna,40001290,Charl Schwartzel,16,1,3,3,0
Mignogna,40001290,Charl Schwartzel,17,1,5,4,-1
Mignogna,40001290,Charl Schwartzel,18,1,4,4,0
Mignogna,40003252,Ludvig Aberg,1,1,4,4,0
Mignogna,40003252,Ludvig Aberg,2,1,4,5,2
Mignogna,40003252,Ludvig Aberg,3,1,4,4,0
Mignogna,40003252,Ludvig Aberg,4,1,2,3,2
Mignogna,40003252,Ludvig Aberg,5,1,4,4,0
Mignogna,40003252,Ludvig Aberg,6,1,2,3,2
Mignogna,40003252,Ludvig Aberg,7,1,4,4,0
Mignogna,40003252,Ludvig Aberg,8,1,5,5,0
Mignogna,40003252,Ludvig Aberg,9,1,6,4,-3
Mignogna,40003252,Ludvig Aberg,10,1,5,4,-1
Mignogna,40003252,Ludvig Aberg,11,1,5,4,-1
Mignogna,40003252,Ludvig Aberg,12,1,3,3,0
Mignogna,40003252,Ludvig Aberg,13,1,7,5,-3
Mignogna,40003252,Ludvig Aberg,14,1,3,4,2
Mignogna,40003252,Ludvig Aberg,15,1,5,5,0
Mignogna,40003252,Ludvig Aberg,16,1,3,3,0
Mignogna,40003252,Ludvig Aberg,17,1,4,4,0
Mignogna,40000775,Jake Knapp,1,1,4,4,0
Mignogna,40000775,Jake Knapp,2,1,4,5,2
Mignogna,40000775,Jake Knapp,3,1,4,4,0
Mignogna,40000775,Jake Knapp,4,1,4,3,-1
Mignogna,40000775,Jake Knapp,5,1,4,4,0
Mignogna,40000775,Jake Knapp,6,1,3,3,0
Mignogna,40000775,Jake Knapp,7,1,4,4,0
Mignogna,40000775,Jake Knapp,8,1,4,5,2
Mignogna,40000775,Jake Knapp,9,1,4,4,0
Mignogna,40000775,Jake Knapp,10,1,5,4,-1
Mignogna,40000775,Jake Knapp,11,1,4,4,0
Mignogna,40000775,Jake Knapp,12,1,4,3,-1
Mignogna,40000775,Jake Knapp,13,1,5,5,0
Mignogna,40000775,Jake Knapp,14,1,5,4,-1
Mignogna,40000775,Jake Knapp,15,1,4,5,2
Mignogna,40000775,Jake Knapp,16,1,3,3,0
Mignogna,40000775,Jake Knapp,17,1,4,4,0
Mignogna,40000775,Jake Knapp,18,1,4,4,0
Mignogna,40001594,Gary Woodland,1,1,4,4,0
Mignogna,40001594,Gary Woodland,2,1,4,5,2
Mignogna,40001594,Gary Woodland,3,1,3,4,2
Mignogna,40001594,Gary Woodland,4,1,3,3,0
Mignogna,40001594,Gary Woodland,5,1,4,4,0
Mignogna,40001594,Gary Woodland,6,1,3,3,0
Mignogna,40001594,Gary Woodland,7,1,4,4,0
Mignogna,40001594,Gary Woodland,8,1,4,5,2
Mignogna,40001594,Gary Woodland,9,1,4,4,0
Mignogna,40001594,Gary Woodland,10,1,5,4,-1
Mignogna,40001594,Gary Woodland,11,1,4,4,0
Mignogna,40001594,Gary Woodland,12,1,3,3,0
Mignogna,40001594,Gary Woodland,13,1,5,5,0
Mignogna,40001594,Gary Woodland,14,1,4,4,0
Ferritto,40000448,Ryan Fox,1,1,5,4,-1
Ferritto,40000448,Ryan Fox,2,1,6,5,-1
Ferritto,40000448,Ryan Fox,3,1,4,4,0
Ferritto,40000448,Ryan Fox,4,1,3,3,0
Ferritto,40000448,Ryan Fox,5,1,5,4,-1
Ferritto,40000448,Ryan Fox,6,1,4,3,-1
Ferritto,40000448,Ryan Fox,7,1,5,4,-1
Ferritto,40000448,Ryan Fox,8,1,5,5,0
Ferritto,40000448,Ryan Fox,9,1,4,4,0
Ferritto,40000448,Ryan Fox,10,1,5,4,-1
Ferritto,40000448,Ryan Fox,11,1,4,4,0
Ferritto,40000448,Ryan Fox,12,1,3,3,0
Ferritto,40000448,Ryan Fox,13,1,5,5,0
Ferritto,40000448,Ryan Fox,14,1,4,4,0
Ferritto,40000448,Ryan Fox,15,1,5,5,0
Ferritto,40000448,Ryan Fox,16,1,3,3,0
Ferritto,40000448,Ryan Fox,17,1,3,4,2
Ferritto,40000448,Ryan Fox,18,1,4,4,0
Ferritto,40000015,Dustin Johnson,1,1,4,4,0
Ferritto,40000015,Dustin Johnson,2,1,4,5,2
Ferritto,40000015,Dustin Johnson,3,1,4,4,0
Ferritto,40000015,Dustin Johnson,4,1,3,3,0
Ferritto,40000015,Dustin Johnson,5,1,4,4,0
Ferritto,40000015,Dustin Johnson,6,1,3,3,0
Ferritto,40000015,Dustin Johnson,7,1,5,4,-1
Ferritto,40000015,Dustin Johnson,8,1,5,5,0
Ferritto,40000015,Dustin Johnson,9,1,4,4,0
Ferritto,40000015,Dustin Johnson,10,1,4,4,0
Ferritto,40000015,Dustin Johnson,11,1,4,4,0
Ferritto,40000015,Dustin Johnson,12,1,3,3,0
Ferritto,40000015,Dustin Johnson,13,1,5,5,0
Ferritto,40000015,Dustin Johnson,14,1,4,4,0
Ferritto,40000015,Dustin Johnson,15,1,5,5,0
Ferritto,40000015,Dustin Johnson,16,1,3,3,0
Ferritto,40000015,Dustin Johnson,17,1,4,4,0
Ferritto,40000015,Dustin Johnson,18,1,5,4,-1
Ferritto,40000764,Si Woo Kim,1,1,6,4,-3
Ferritto,40000764,Si Woo Kim,2,1,4,5,2
Ferritto,40000764,Si Woo Kim,3,1,4,4,0
Ferritto,40000764,Si Woo Kim,4,1,3,3,0
Ferritto,40000764,Si Woo Kim,5,1,4,4,0
Ferritto,40000764,Si Woo Kim,6,1,3,3,0
Ferritto,40000764,Si Woo Kim,7,1,4,4,0
Ferritto,40000764,Si Woo Kim,8,1,5,5,0
Ferritto,40000764,Si Woo Kim,9,1,4,4,0
Ferritto,40000764,Si Woo Kim,10,1,4,4,0
Ferritto,40000764,Si Woo Kim,11,1,5,4,-1
Ferritto,40000764,Si Woo Kim,12,1,4,3,-1
Ferritto,40000764,Si Woo Kim,13,1,5,5,0
Ferritto,40000764,Si Woo Kim,14,1,4,4,0
Ferritto,40001199,Jon Rahm,1,1,5,4,-1
Ferritto,40001199,Jon Rahm,2,1,5,5,0
Ferritto,40001199,Jon Rahm,3,1,5,4,-1
Ferritto,40001199,Jon Rahm,4,1,3,3,0
Ferritto,40001199,Jon Rahm,5,1,4,4,0
Ferritto,40001199,Jon Rahm,6,1,4,3,-1
Ferritto,40001199,Jon Rahm,7,1,4,4,0
Ferritto,40001199,Jon Rahm,8,1,5,5,0
Ferritto,40001199,Jon Rahm,9,1,5,4,-1
Ferritto,40001199,Jon Rahm,10,1,4,4,0
Ferritto,40001199,Jon Rahm,11,1,4,4,0
Ferritto,40001199,Jon Rahm,12,1,3,3,0
Ferritto,40001199,Jon Rahm,13,1,7,5,-3
Ferritto,40001199,Jon Rahm,14,1,4,4,0
Ferritto,40001199,Jon Rahm,15,1,5,5,0
Ferritto,40001199,Jon Rahm,16,1,3,3,0
Ferritto,40001199,Jon Rahm,17,1,4,4,0
Kaprosy,40004702,Naoyuki Kataoka,1,1,4,4,0
Kaprosy,40004702,Naoyuki Kataoka,2,1,4,5,2
Kaprosy,40004702,Naoyuki Kataoka,3,1,6,4,-3
Kaprosy,40004702,Naoyuki Kataoka,4,1,3,3,0
Kaprosy,40004702,Naoyuki Kataoka,5,1,5,4,-1
Kaprosy,40004702,Naoyuki Kataoka,6,1,3,3,0
Kaprosy,40004702,Naoyuki Kataoka,7,1,5,4,-1
Kaprosy,40004702,Naoyuki Kataoka,8,1,5,5,0
Kaprosy,40004702,Naoyuki Kataoka,9,1,3,4,2
Kaprosy,40004702,Naoyuki Kataoka,10,1,5,4,-1
Kaprosy,40004702,Naoyuki Kataoka,11,1,5,4,-1
Kaprosy,40004702,Naoyuki Kataoka,12,1,4,3,-1
Kaprosy,40004702,Naoyuki Kataoka,13,1,7,5,-3
Kaprosy,40004702,Naoyuki Kataoka,14,1,4,4,0
Kaprosy,40004702,Naoyuki Kataoka,15,1,7,5,-3
Kaprosy,40004702,Naoyuki Kataoka,16,1,4,3,-1
Kaprosy,40004702,Naoyuki Kataoka,17,1,4,4,0
Kaprosy,40004702,Naoyuki Kataoka,18,1,6,4,-3
Kaprosy,40000585,Brian Harman,1,1,3,4,2
Kaprosy,40000585,Brian Harman,2,1,4,5,2
Kaprosy,40000585,Brian Harman,3,1,4,4,0
Kaprosy,40000585,Brian Harman,4,1,5,3,-3
Kaprosy,40000585,Brian Harman,5,1,4,4,0
Kaprosy,40000585,Brian Harman,6,1,4,3,-1
Kaprosy,40000585,Brian Harman,7,1,5,4,-1
Kaprosy,40000585,Brian Harman,8,1,5,5,0
Kaprosy,40000585,Brian Harman,9,1,5,4,-1
Kaprosy,40000585,Brian Harman,10,1,5,4,-1
Kaprosy,40000585,Brian Harman,11,1,4,4,0
Kaprosy,40000585,Brian Harman,12,1,3,3,0
Kaprosy,40000585,Brian Harman,13,1,6,5,-1
Kaprosy,40000585,Brian Harman,14,1,4,4,0
Kaprosy,40000585,Brian Harman,15,1,5,5,0
Kaprosy,40000585,Brian Harman,16,1,4,3,-1
Kaprosy,40000585,Brian Harman,17,1,5,4,-1
Kaprosy,40000585,Brian Harman,18,1,4,4,0
Kaprosy,40000596,Tyrrell Hatton,1,1,4,4,0
Kaprosy,40000596,Tyrrell Hatton,2,1,5,5,0
Kaprosy,40000596,Tyrrell Hatton,3,1,5,4,-1
Kaprosy,40000596,Tyrrell Hatton,4,1,3,3,0
Kaprosy,40000596,Tyrrell Hatton,5,1,4,4,0
Kaprosy,40000596,Tyrrell Hatton,6,1,2,3,2
Kaprosy,40000596,Tyrrell Hatton,7,1,5,4,-1
Kaprosy,40000596,Tyrrell Hatton,8,1,5,5,0
Kaprosy,40000596,Tyrrell Hatton,9,1,5,4,-1
Kaprosy,40000596,Tyrrell Hatton,10,1,3,4,2
Kaprosy,40000596,Tyrrell Hatton,11,1,4,4,0
Kaprosy,40000596,Tyrrell Hatton,12,1,3,3,0
Kaprosy,40000596,Tyrrell Hatton,13,1,5,5,0
Kaprosy,40000596,Tyrrell Hatton,14,1,4,4,0
Kaprosy,40000596,Tyrrell Hatton,15,1,5,5,0
Kaprosy,40000596,Tyrrell Hatton,16,1,3,3,0
Kaprosy,40000596,Tyrrell Hatton,17,1,4,4,0
Kaprosy,40002950,Robert MacIntyre,1,1,4,4,0
Kaprosy,40002950,Robert MacIntyre,2,1,5,5,0
Kaprosy,40002950,Robert MacIntyre,3,1,3,4,2
Kaprosy,40002950,Robert MacIntyre,4,1,3,3,0
Kaprosy,40002950,Robert MacIntyre,5,1,5,4,-1
Kaprosy,40002950,Robert MacIntyre,6,1,4,3,-1
Kaprosy,40002950,Robert MacIntyre,7,1,4,4,0
Kaprosy,40002950,Robert MacIntyre,8,1,5,5,0
Kaprosy,40002950,Robert MacIntyre,9,1,6,4,-3
Kaprosy,40002950,Robert MacIntyre,10,1,4,4,0
Kaprosy,40002950,Robert MacIntyre,11,1,4,4,0
Kaprosy,40002950,Robert MacIntyre,12,1,3,3,0
Kaprosy,40002950,Robert MacIntyre,13,1,5,5,0
Kaprosy,40002950,Robert MacIntyre,14,1,4,4,0
Kaminsky,40006004,Johnny Keefer,1,1,5,4,-1
Kaminsky,40006004,Johnny Keefer,2,1,5,5,0
Kaminsky,40006004,Johnny Keefer,3,1,4,4,0
Kaminsky,40006004,Johnny Keefer,4,1,3,3,0
Kaminsky,40006004,Johnny Keefer,5,1,5,4,-1
Kaminsky,40006004,Johnny Keefer,6,1,3,3,0
Kaminsky,40006004,Johnny Keefer,7,1,4,4,0
Kaminsky,40006004,Johnny Keefer,8,1,5,5,0
Kaminsky,40006004,Johnny Keefer,9,1,4,4,0
Kaminsky,40006004,Johnny Keefer,10,1,4,4,0
Kaminsky,40006004,Johnny Keefer,11,1,4,4,0
Kaminsky,40006004,Johnny Keefer,12,1,3,3,0
Kaminsky,40006004,Johnny Keefer,13,1,6,5,-1
Kaminsky,40006004,Johnny Keefer,14,1,4,4,0
Kaminsky,40006004,Johnny Keefer,15,1,5,5,0
Kaminsky,40006004,Johnny Keefer,16,1,3,3,0
Kaminsky,40006004,Johnny Keefer,17,1,5,4,-1
Kaminsky,40006004,Johnny Keefer,18,1,4,4,0
Kaminsky,40002925,Min Woo Lee,1,1,5,4,-1
Kaminsky,40002925,Min Woo Lee,2,1,5,5,0
Kaminsky,40002925,Min Woo Lee,3,1,4,4,0
Kaminsky,40002925,Min Woo Lee,4,1,3,3,0
Kaminsky,40002925,Min Woo Lee,5,1,4,4,0
Kaminsky,40002925,Min Woo Lee,6,1,4,3,-1
Kaminsky,40002925,Min Woo Lee,7,1,5,4,-1
Kaminsky,40002925,Min Woo Lee,8,1,5,5,0
Kaminsky,40002925,Min Woo Lee,9,1,4,4,0
Kaminsky,40002925,Min Woo Lee,10,1,5,4,-1
Kaminsky,40002925,Min Woo Lee,11,1,4,4,0
Kaminsky,40002925,Min Woo Lee,12,1,2,3,2
Kaminsky,40002925,Min Woo Lee,13,1,7,5,-3
Kaminsky,40002925,Min Woo Lee,14,1,4,4,0
Kaminsky,40002925,Min Woo Lee,15,1,5,5,0
Kaminsky,40002925,Min Woo Lee,16,1,3,3,0
Kaminsky,40002925,Min Woo Lee,17,1,5,4,-1
Kaminsky,40002925,Min Woo Lee,18,1,4,4,0
Kaminsky,40001224,Davis Riley,1,1,4,4,0
Kaminsky,40001224,Davis Riley,2,1,5,5,0
Kaminsky,40001224,Davis Riley,3,1,4,4,0
Kaminsky,40001224,Davis Riley,4,1,4,3,-1
Kaminsky,40001224,Davis Riley,5,1,5,4,-1
Kaminsky,40001224,Davis Riley,6,1,4,3,-1
Kaminsky,40001224,Davis Riley,7,1,6,4,-3
Kaminsky,40001224,Davis Riley,8,1,5,5,0
Kaminsky,40001224,Davis Riley,9,1,5,4,-1
Kaminsky,40001224,Davis Riley,10,1,5,4,-1
Kaminsky,40001224,Davis Riley,11,1,4,4,0
Kaminsky,40001224,Davis Riley,12,1,3,3,0
Kaminsky,40001224,Davis Riley,13,1,4,5,2
Kaminsky,40001224,Davis Riley,14,1,4,4,0
Kaminsky,40001224,Davis Riley,15,1,7,5,-3
Kaminsky,40001224,Davis Riley,16,1,3,3,0
Kaminsky,40001224,Davis Riley,17,1,4,4,0
Kaminsky,40001224,Davis Riley,18,1,6,4,-3
Kaminsky,40002785,Sepp Straka,1,1,4,4,0
Kaminsky,40002785,Sepp Straka,2,1,4,5,2
Kaminsky,40002785,Sepp Straka,3,1,4,4,0
Kaminsky,40002785,Sepp Straka,4,1,3,3,0
Kaminsky,40002785,Sepp Straka,5,1,3,4,2
Kaminsky,40002785,Sepp Straka,6,1,4,3,-1
Kaminsky,40002785,Sepp Straka,7,1,4,4,0
Kaminsky,40002785,Sepp Straka,8,1,5,5,0
Kaminsky,40002785,Sepp Straka,9,1,4,4,0
Kaminsky,40002785,Sepp Straka,10,1,5,4,-1
Kaminsky,40002785,Sepp Straka,11,1,4,4,0
Kaminsky,40002785,Sepp Straka,12,1,3,3,0
Kaminsky,40002785,Sepp Straka,13,1,6,5,-1
Kaminsky,40002785,Sepp Straka,14,1,4,4,0
Kaminsky,40002785,Sepp Straka,15,1,5,5,0
Randazzo,40005299,Aldrich Potgieter,1,1,6,4,-3
Randazzo,40005299,Aldrich Potgieter,2,1,5,5,0
Randazzo,40005299,Aldrich Potgieter,3,1,4,4,0
Randazzo,40005299,Aldrich Potgieter,4,1,3,3,0
Randazzo,40005299,Aldrich Potgieter,5,1,5,4,-1
Randazzo,40005299,Aldrich Potgieter,6,1,4,3,-1
Randazzo,40005299,Aldrich Potgieter,7,1,6,4,-3
Randazzo,40005299,Aldrich Potgieter,8,1,7,5,-3
Randazzo,40005299,Aldrich Potgieter,9,1,4,4,0
Randazzo,40005299,Aldrich Potgieter,10,1,4,4,0
Randazzo,40005299,Aldrich Potgieter,11,1,5,4,-1
Randazzo,40005299,Aldrich Potgieter,12,1,5,3,-3
Randazzo,40005299,Aldrich Potgieter,13,1,4,5,2
Randazzo,40005299,Aldrich Potgieter,14,1,4,4,0
Randazzo,40005299,Aldrich Potgieter,15,1,5,5,0
Randazzo,40005299,Aldrich Potgieter,16,1,3,3,0
Randazzo,40005299,Aldrich Potgieter,17,1,5,4,-1
Randazzo,40005299,Aldrich Potgieter,18,1,5,4,-1
Randazzo,40000387,Harris English,1,1,4,4,0
Randazzo,40000387,Harris English,2,1,5,5,0
Randazzo,40000387,Harris English,3,1,4,4,0
Randazzo,40000387,Harris English,4,1,4,3,-1
Randazzo,40000387,Harris English,5,1,4,4,0
Randazzo,40000387,Harris English,6,1,3,3,0
Randazzo,40000387,Harris English,7,1,6,4,-3
Randazzo,40000387,Harris English,8,1,4,5,2
Randazzo,40000387,Harris English,9,1,4,4,0
Randazzo,40000387,Harris English,10,1,3,4,2
Randazzo,40000387,Harris English,11,1,5,4,-1
Randazzo,40000387,Harris English,12,1,2,3,2
Randazzo,40000387,Harris English,13,1,4,5,2
Randazzo,40000387,Harris English,14,1,3,4,2
Randazzo,40002605,Sung-Jae Im,1,1,4,4,0
Randazzo,40002605,Sung-Jae Im,2,1,5,5,0
Randazzo,40002605,Sung-Jae Im,3,1,4,4,0
Randazzo,40002605,Sung-Jae Im,4,1,4,3,-1
Randazzo,40002605,Sung-Jae Im,5,1,4,4,0
Randazzo,40002605,Sung-Jae Im,6,1,3,3,0
Randazzo,40002605,Sung-Jae Im,7,1,5,4,-1
Randazzo,40002605,Sung-Jae Im,8,1,5,5,0
Randazzo,40002605,Sung-Jae Im,9,1,4,4,0
Randazzo,40002605,Sung-Jae Im,10,1,6,4,-3
Randazzo,40002605,Sung-Jae Im,11,1,4,4,0
Randazzo,40002605,Sung-Jae Im,12,1,3,3,0
Randazzo,40002605,Sung-Jae Im,13,1,5,5,0
Randazzo,40002605,Sung-Jae Im,14,1,4,4,0
Randazzo,40002605,Sung-Jae Im,15,1,5,5,0
Randazzo,40002605,Sung-Jae Im,16,1,3,3,0
Randazzo,40002605,Sung-Jae Im,17,1,4,4,0
Randazzo,40002605,Sung-Jae Im,18,1,4,4,0
Randazzo,40001064,Alexander Noren,1,1,4,4,0
Randazzo,40001064,Alexander Noren,2,1,4,5,2
Randazzo,40001064,Alexander Noren,3,1,6,4,-3
Randazzo,40001064,Alexander Noren,4,1,3,3,0
Randazzo,40001064,Alexander Noren,5,1,4,4,0
Randazzo,40001064,Alexander Noren,6,1,3,3,0
Randazzo,40001064,Alexander Noren,7,1,4,4,0
Randazzo,40001064,Alexander Noren,8,1,5,5,0
Randazzo,40001064,Alexander Noren,9,1,4,4,0
Randazzo,40001064,Alexander Noren,10,1,5,4,-1
Randazzo,40001064,Alexander Noren,11,1,5,4,-1
Randazzo,40001064,Alexander Noren,12,1,4,3,-1
Randazzo,40001064,Alexander Noren,13,1,5,5,0
Randazzo,40001064,Alexander Noren,14,1,5,4,-1
Randazzo,40001064,Alexander Noren,15,1,5,5,0
Randazzo,40001064,Alexander Noren,16,1,3,3,0
Randazzo,40001064,Alexander Noren,17,1,3,4,2
Randazzo,40001064,Alexander Noren,18,1,5,4,-1
Hoban,40001097,Carlos Ortiz,1,1,5,4,-1
Hoban,40001097,Carlos Ortiz,2,1,7,5,-3
Hoban,40001097,Carlos Ortiz,3,1,5,4,-1
Hoban,40001097,Carlos Ortiz,4,1,4,3,-1
Hoban,40001097,Carlos Ortiz,5,1,6,4,-3
Hoban,40001097,Carlos Ortiz,6,1,3,3,0
Hoban,40001097,Carlos Ortiz,7,1,4,4,0
Hoban,40001097,Carlos Ortiz,8,1,5,5,0
Hoban,40001097,Carlos Ortiz,9,1,4,4,0
Hoban,40001097,Carlos Ortiz,10,1,5,4,-1
Hoban,40001097,Carlos Ortiz,11,1,4,4,0
Hoban,40001097,Carlos Ortiz,12,1,3,3,0
Hoban,40001097,Carlos Ortiz,13,1,4,5,2
Hoban,40001097,Carlos Ortiz,14,1,4,4,0
Hoban,40001097,Carlos Ortiz,15,1,4,5,2
Hoban,40001097,Carlos Ortiz,16,1,3,3,0
Hoban,40001097,Carlos Ortiz,17,1,5,4,-1
Hoban,40001097,Carlos Ortiz,18,1,5,4,-1
Hoban,40000152,Keegan Bradley,1,1,5,4,-1
Hoban,40000152,Keegan Bradley,2,1,5,5,0
Hoban,40000152,Keegan Bradley,3,1,5,4,-1
Hoban,40000152,Keegan Bradley,4,1,3,3,0
Hoban,40000152,Keegan Bradley,5,1,5,4,-1
Hoban,40000152,Keegan Bradley,6,1,3,3,0
Hoban,40000152,Keegan Bradley,7,1,5,4,-1
Hoban,40000152,Keegan Bradley,8,1,5,5,0
Hoban,40000152,Keegan Bradley,9,1,4,4,0
Hoban,40000152,Keegan Bradley,10,1,4,4,0
Hoban,40000152,Keegan Bradley,11,1,4,4,0
Hoban,40000152,Keegan Bradley,12,1,3,3,0
Hoban,40000152,Keegan Bradley,13,1,4,5,2
Hoban,40000152,Keegan Bradley,14,1,3,4,2
Hoban,40000152,Keegan Bradley,15,1,4,5,2
Hoban,40000152,Keegan Bradley,16,1,2,3,2
Hoban,40000152,Keegan Bradley,17,1,4,4,0
Hoban,40000152,Keegan Bradley,18,1,4,4,0
Hoban,40003725,Harry Hall,1,1,4,4,0
Hoban,40003725,Harry Hall,2,1,5,5,0
Hoban,40003725,Harry Hall,3,1,4,4,0
Hoban,40003725,Harry Hall,4,1,2,3,2
Hoban,40003725,Harry Hall,5,1,4,4,0
Hoban,40003725,Harry Hall,6,1,4,3,-1
Hoban,40003725,Harry Hall,7,1,5,4,-1
Hoban,40003725,Harry Hall,8,1,5,5,0
Hoban,40003725,Harry Hall,9,1,4,4,0
Hoban,40003725,Harry Hall,10,1,4,4,0
Hoban,40003725,Harry Hall,11,1,6,4,-3
Hoban,40003725,Harry Hall,12,1,3,3,0
Hoban,40003725,Harry Hall,13,1,5,5,0
Hoban,40003725,Harry Hall,14,1,4,4,0
Hoban,40003725,Harry Hall,15,1,5,5,0
Hoban,40003725,Harry Hall,16,1,3,3,0
Hoban,40003725,Harry Hall,17,1,6,4,-3
Hoban,40003725,Harry Hall,18,1,4,4,0
Hoban,40000615,Russell Henley,1,1,4,4,0
Hoban,40000615,Russell Henley,2,1,4,5,2
Hoban,40000615,Russell Henley,3,1,5,4,-1
Hoban,40000615,Russell Henley,4,1,4,3,-1
Hoban,40000615,Russell Henley,5,1,3,4,2
Hoban,40000615,Russell Henley,6,1,3,3,0
Hoban,40000615,Russell Henley,7,1,4,4,0
Hoban,40000615,Russell Henley,8,1,4,5,2
Hoban,40000615,Russell Henley,9,1,5,4,-1
Hoban,40000615,Russell Henley,10,1,4,4,0
Hoban,40000615,Russell Henley,11,1,4,4,0
Hoban,40000615,Russell Henley,12,1,4,3,-1
Hoban,40000615,Russell Henley,13,1,4,5,2
Hoban,40000615,Russell Henley,14,1,4,4,0
Hoban,40000615,Russell Henley,15,1,4,5,2
Hoban,40000615,Russell Henley,16,1,3,3,0
Hoban,40000615,Russell Henley,17,1,5,4,-1
Hoban,40000615,Russell Henley,18,1,5,4,-1
Mucci,40000115,Daniel Berger,1,1,5,4,-1
Mucci,40000115,Daniel Berger,2,1,4,5,2
Mucci,40000115,Daniel Berger,3,1,4,4,0
Mucci,40000115,Daniel Berger,4,1,3,3,0
Mucci,40000115,Daniel Berger,5,1,5,4,-1
Mucci,40000115,Daniel Berger,6,1,3,3,0
Mucci,40000115,Daniel Berger,7,1,4,4,0
Mucci,40000115,Daniel Berger,8,1,5,5,0
Mucci,40000115,Daniel Berger,9,1,4,4,0
Mucci,40000115,Daniel Berger,10,1,6,4,-3
Mucci,40000115,Daniel Berger,11,1,4,4,0
Mucci,40000115,Daniel Berger,12,1,3,3,0
Mucci,40000115,Daniel Berger,13,1,5,5,0
Mucci,40000115,Daniel Berger,14,1,4,4,0
Mucci,40000115,Daniel Berger,15,1,5,5,0
Mucci,40000115,Daniel Berger,16,1,3,3,0
Mucci,40000115,Daniel Berger,17,1,4,4,0
Mucci,40000115,Daniel Berger,18,1,5,4,-1
Mucci,40000763,Michael Kim,1,1,4,4,0
Mucci,40000763,Michael Kim,2,1,4,5,2
Mucci,40000763,Michael Kim,3,1,4,4,0
Mucci,40000763,Michael Kim,4,1,3,3,0
Mucci,40000763,Michael Kim,5,1,5,4,-1
Mucci,40000763,Michael Kim,6,1,3,3,0
Mucci,40000763,Michael Kim,7,1,5,4,-1
Mucci,40000763,Michael Kim,8,1,5,5,0
Mucci,40000763,Michael Kim,9,1,4,4,0
Mucci,40000763,Michael Kim,10,1,4,4,0
Mucci,40000763,Michael Kim,11,1,4,4,0
Mucci,40000763,Michael Kim,12,1,4,3,-1
Mucci,40000763,Michael Kim,13,1,5,5,0
Mucci,40000763,Michael Kim,14,1,5,4,-1
Mucci,40000763,Michael Kim,15,1,5,5,0
Mucci,40000763,Michael Kim,16,1,3,3,0
Mucci,40000763,Michael Kim,17,1,4,4,0
Mucci,40000763,Michael Kim,18,1,4,4,0
Mucci,40006415,Mateo Pulcini,1,1,3,4,2
Mucci,40006415,Mateo Pulcini,2,1,5,5,0
Mucci,40006415,Mateo Pulcini,3,1,5,4,-1
Mucci,40006415,Mateo Pulcini,4,1,3,3,0
Mucci,40006415,Mateo Pulcini,5,1,5,4,-1
Mucci,40006415,Mateo Pulcini,6,1,3,3,0
Mucci,40006415,Mateo Pulcini,7,1,5,4,-1
Mucci,40006415,Mateo Pulcini,8,1,5,5,0
Mucci,40006415,Mateo Pulcini,9,1,5,4,-1
Mucci,40006415,Mateo Pulcini,10,1,4,4,0
Mucci,40006415,Mateo Pulcini,11,1,5,4,-1
Mucci,40006415,Mateo Pulcini,12,1,3,3,0
Mucci,40006415,Mateo Pulcini,13,1,5,5,0
Mucci,40006415,Mateo Pulcini,14,1,6,4,-3
Mucci,40006415,Mateo Pulcini,15,1,5,5,0
Mucci,40006415,Mateo Pulcini,16,1,4,3,-1
Mucci,40006415,Mateo Pulcini,17,1,5,4,-1
Mucci,40006415,Mateo Pulcini,18,1,5,4,-1
Mucci,40003609,Cameron Young,1,1,5,4,-1
Mucci,40003609,Cameron Young,2,1,5,5,0
Mucci,40003609,Cameron Young,3,1,4,4,0
Mucci,40003609,Cameron Young,4,1,3,3,0
Mucci,40003609,Cameron Young,5,1,5,4,-1
Mucci,40003609,Cameron Young,6,1,4,3,-1
Mucci,40003609,Cameron Young,7,1,5,4,-1
Mucci,40003609,Cameron Young,8,1,5,5,0
Mucci,40003609,Cameron Young,9,1,4,4,0
Mucci,40003609,Cameron Young,10,1,4,4,0
Mucci,40003609,Cameron Young,11,1,4,4,0
Mucci,40003609,Cameron Young,12,1,2,3,2
Mucci,40003609,Cameron Young,13,1,4,5,2
Mucci,40003609,Cameron Young,14,1,4,4,0
Mucci,40003609,Cameron Young,15,1,4,5,2
Mucci,40003609,Cameron Young,16,1,3,3,0
Mucci,40003609,Cameron Young,17,1,4,4,0
Mucci,40003609,Cameron Young,18,1,4,4,0
Baucher,40000205,Brian Campbell,1,1,3,4,2
Baucher,40000205,Brian Campbell,2,1,4,5,2
Baucher,40000205,Brian Campbell,3,1,3,4,2
Baucher,40000205,Brian Campbell,4,1,4,3,-1
Baucher,40000205,Brian Campbell,5,1,4,4,0
Baucher,40000205,Brian Campbell,6,1,4,3,-1
Baucher,40000205,Brian Campbell,7,1,4,4,0
Baucher,40000205,Brian Campbell,8,1,5,5,0
Baucher,40000205,Brian Campbell,9,1,4,4,0
Baucher,40000205,Brian Campbell,10,1,4,4,0
Baucher,40000205,Brian Campbell,11,1,5,4,-1
Baucher,40000205,Brian Campbell,12,1,3,3,0
Baucher,40000205,Brian Campbell,13,1,5,5,0
Baucher,40000205,Brian Campbell,14,1,4,4,0
Baucher,40000205,Brian Campbell,15,1,4,5,2
Baucher,40000205,Brian Campbell,16,1,3,3,0
Baucher,40000205,Brian Campbell,17,1,4,4,0
Baucher,40000205,Brian Campbell,18,1,4,4,0
Baucher,40000002,Patrick Reed,1,1,3,4,2
Baucher,40000002,Patrick Reed,2,1,3,5,5
Baucher,40000002,Patrick Reed,3,1,4,4,0
Baucher,40000002,Patrick Reed,4,1,3,3,0
Baucher,40000002,Patrick Reed,5,1,4,4,0
Baucher,40000002,Patrick Reed,6,1,3,3,0
Baucher,40000002,Patrick Reed,7,1,4,4,0
Baucher,40000002,Patrick Reed,8,1,3,5,5
Baucher,40000002,Patrick Reed,9,1,4,4,0
Baucher,40000002,Patrick Reed,10,1,5,4,-1
Baucher,40000002,Patrick Reed,11,1,4,4,0
Baucher,40000002,Patrick Reed,12,1,3,3,0
Baucher,40000002,Patrick Reed,13,1,5,5,0
Baucher,40000002,Patrick Reed,14,1,4,4,0
Baucher,40000002,Patrick Reed,15,1,6,5,-1
Baucher,40000002,Patrick Reed,16,1,3,3,0
Baucher,40000002,Patrick Reed,17,1,4,4,0
Baucher,40000002,Patrick Reed,18,1,4,4,0
Baucher,40001424,Nick Taylor,1,1,4,4,0
Baucher,40001424,Nick Taylor,2,1,4,5,2
Baucher,40001424,Nick Taylor,3,1,4,4,0
Baucher,40001424,Nick Taylor,4,1,3,3,0
Baucher,40001424,Nick Taylor,5,1,4,4,0
Baucher,40001424,Nick Taylor,6,1,3,3,0
Baucher,40001424,Nick Taylor,7,1,4,4,0
Baucher,40001424,Nick Taylor,8,1,5,5,0
Baucher,40001424,Nick Taylor,9,1,4,4,0
Baucher,40001424,Nick Taylor,10,1,3,4,2
Baucher,40001424,Nick Taylor,11,1,4,4,0
Baucher,40001424,Nick Taylor,12,1,3,3,0
Baucher,40001424,Nick Taylor,13,1,5,5,0
Baucher,40001424,Nick Taylor,14,1,4,4,0
Baucher,40001424,Nick Taylor,15,1,5,5,0
Baucher,40001424,Nick Taylor,16,1,3,3,0
Baucher,40001424,Nick Taylor,17,1,5,4,-1
Baucher,40001424,Nick Taylor,18,1,4,4,0
Baucher,40001434,Justin Thomas,1,1,4,4,0
Baucher,40001434,Justin Thomas,2,1,4,5,2
Baucher,40001434,Justin Thomas,3,1,4,4,0
Baucher,40001434,Justin Thomas,4,1,2,3,2
Baucher,40001434,Justin Thomas,5,1,4,4,0
Baucher,40001434,Justin Thomas,6,1,3,3,0
Baucher,40001434,Justin Thomas,7,1,4,4,0
Baucher,40001434,Justin Thomas,8,1,5,5,0
Baucher,40001434,Justin Thomas,9,1,4,4,0
Baucher,40001434,Justin Thomas,10,1,4,4,0
Baucher,40001434,Justin Thomas,11,1,5,4,-1
Baucher,40001434,Justin Thomas,12,1,3,3,0
Baucher,40001434,Justin Thomas,13,1,6,5,-1
Baucher,40001434,Justin Thomas,14,1,4,4,0
Baucher,40001434,Justin Thomas,15,1,5,5,0
J. Ayers,40002651,Wyndham Clark,1,1,4,4,0
J. Ayers,40002651,Wyndham Clark,2,1,5,5,0
J. Ayers,40002651,Wyndham Clark,3,1,4,4,0
J. Ayers,40002651,Wyndham Clark,4,1,3,3,0
J. Ayers,40002651,Wyndham Clark,5,1,5,4,-1
J. Ayers,40002651,Wyndham Clark,6,1,2,3,2
J. Ayers,40002651,Wyndham Clark,7,1,5,4,-1
J. Ayers,40002651,Wyndham Clark,8,1,4,5,2
J. Ayers,40002651,Wyndham Clark,9,1,4,4,0
J. Ayers,40002651,Wyndham Clark,10,1,4,4,0
J. Ayers,40002651,Wyndham Clark,11,1,4,4,0
J. Ayers,40002651,Wyndham Clark,12,1,3,3,0
J. Ayers,40002651,Wyndham Clark,13,1,5,5,0
J. Ayers,40002651,Wyndham Clark,14,1,4,4,0
J. Ayers,40002651,Wyndham Clark,15,1,4,5,2
J. Ayers,40002651,Wyndham Clark,16,1,3,3,0
J. Ayers,40002651,Wyndham Clark,17,1,4,4,0
J. Ayers,40002651,Wyndham Clark,18,1,5,4,-1
J. Ayers,40000890,Shane Lowry,1,1,3,4,2
J. Ayers,40000890,Shane Lowry,2,1,4,5,2
J. Ayers,40000890,Shane Lowry,3,1,4,4,0
J. Ayers,40000890,Shane Lowry,4,1,5,3,-3
J. Ayers,40000890,Shane Lowry,5,1,4,4,0
J. Ayers,40000890,Shane Lowry,6,1,4,3,-1
J. Ayers,40000890,Shane Lowry,7,1,4,4,0
J. Ayers,40000890,Shane Lowry,8,1,4,5,2
J. Ayers,40000890,Shane Lowry,9,1,3,4,2
J. Ayers,40000890,Shane Lowry,10,1,4,4,0
J. Ayers,40000890,Shane Lowry,11,1,4,4,0
J. Ayers,40000890,Shane Lowry,12,1,3,3,0
J. Ayers,40000890,Shane Lowry,13,1,3,5,5
J. Ayers,40000890,Shane Lowry,14,1,4,4,0
J. Ayers,40000890,Shane Lowry,15,1,5,5,0
J. Ayers,40000890,Shane Lowry,16,1,3,3,0
J. Ayers,40000890,Shane Lowry,17,1,5,4,-1
J. Ayers,40000890,Shane Lowry,18,1,4,4,0
J. Ayers,40000017,Hideki Matsuyama,1,1,4,4,0
J. Ayers,40000017,Hideki Matsuyama,2,1,5,5,0
J. Ayers,40000017,Hideki Matsuyama,3,1,4,4,0
J. Ayers,40000017,Hideki Matsuyama,4,1,3,3,0
J. Ayers,40000017,Hideki Matsuyama,5,1,5,4,-1
J. Ayers,40000017,Hideki Matsuyama,6,1,3,3,0
J. Ayers,40000017,Hideki Matsuyama,7,1,4,4,0
J. Ayers,40000017,Hideki Matsuyama,8,1,5,5,0
J. Ayers,40000017,Hideki Matsuyama,9,1,4,4,0
J. Ayers,40000017,Hideki Matsuyama,10,1,3,4,2
J. Ayers,40000017,Hideki Matsuyama,11,1,4,4,0
J. Ayers,40000017,Hideki Matsuyama,12,1,3,3,0
J. Ayers,40000017,Hideki Matsuyama,13,1,5,5,0
J. Ayers,40000017,Hideki Matsuyama,14,1,5,4,-1
J. Ayers,40000017,Hideki Matsuyama,15,1,4,5,2
J. Ayers,40000017,Hideki Matsuyama,16,1,3,3,0
J. Ayers,40000017,Hideki Matsuyama,17,1,4,4,0
J. Ayers,40000017,Hideki Matsuyama,18,1,4,4,0
J. Ayers,40000001,Bubba Watson,1,1,5,4,-1
J. Ayers,40000001,Bubba Watson,2,1,5,5,0
J. Ayers,40000001,Bubba Watson,3,1,4,4,0
J. Ayers,40000001,Bubba Watson,4,1,3,3,0
J. Ayers,40000001,Bubba Watson,5,1,5,4,-1
J. Ayers,40000001,Bubba Watson,6,1,4,3,-1
J. Ayers,40000001,Bubba Watson,7,1,5,4,-1
J. Ayers,40000001,Bubba Watson,8,1,5,5,0
J. Ayers,40000001,Bubba Watson,9,1,5,4,-1
J. Ayers,40000001,Bubba Watson,10,1,4,4,0
J. Ayers,40000001,Bubba Watson,11,1,4,4,0
J. Ayers,40000001,Bubba Watson,12,1,3,3,0
J. Ayers,40000001,Bubba Watson,13,1,4,5,2
J. Ayers,40000001,Bubba Watson,14,1,4,4,0
J. Ayers,40000001,Bubba Watson,15,1,5,5,0
J. Ayers,40000001,Bubba Watson,16,1,3,3,0
J. Ayers,40000001,Bubba Watson,17,1,4,4,0
J. Ayers,40000001,Bubba Watson,18,1,4,4,0
Brunetti,40000270,Corey Conners,1,1,4,4,0
Brunetti,40000270,Corey Conners,2,1,6,5,-1
Brunetti,40000270,Corey Conners,3,1,4,4,0
Brunetti,40000270,Corey Conners,4,1,2,3,2
Brunetti,40000270,Corey Conners,5,1,5,4,-1
Brunetti,40000270,Corey Conners,6,1,3,3,0
Brunetti,40000270,Corey Conners,7,1,4,4,0
Brunetti,40000270,Corey Conners,8,1,3,5,5
Brunetti,40000270,Corey Conners,9,1,5,4,-1
Brunetti,40000270,Corey Conners,10,1,4,4,0
Brunetti,40000270,Corey Conners,11,1,5,4,-1
Brunetti,40000270,Corey Conners,12,1,5,3,-3
Brunetti,40000270,Corey Conners,13,1,5,5,0
Brunetti,40000270,Corey Conners,14,1,3,4,2
Brunetti,40000270,Corey Conners,15,1,5,5,0
Brunetti,40000270,Corey Conners,16,1,3,3,0
Brunetti,40000270,Corey Conners,17,1,4,4,0
Brunetti,40000270,Corey Conners,18,1,5,4,-1
Brunetti,40006294,Ethan Fang,1,1,4,4,0
Brunetti,40006294,Ethan Fang,2,1,5,5,0
Brunetti,40006294,Ethan Fang,3,1,3,4,2
Brunetti,40006294,Ethan Fang,4,1,3,3,0
Brunetti,40006294,Ethan Fang,5,1,5,4,-1
Brunetti,40006294,Ethan Fang,6,1,3,3,0
Brunetti,40006294,Ethan Fang,7,1,5,4,-1
Brunetti,40006294,Ethan Fang,8,1,5,5,0
Brunetti,40006294,Ethan Fang,9,1,3,4,2
Brunetti,40006294,Ethan Fang,10,1,4,4,0
Brunetti,40006294,Ethan Fang,11,1,4,4,0
Brunetti,40006294,Ethan Fang,12,1,3,3,0
Brunetti,40006294,Ethan Fang,13,1,5,5,0
Brunetti,40006294,Ethan Fang,14,1,5,4,-1
Brunetti,40006294,Ethan Fang,15,1,5,5,0
Brunetti,40006294,Ethan Fang,16,1,4,3,-1
Brunetti,40006294,Ethan Fang,17,1,4,4,0
Brunetti,40006294,Ethan Fang,18,1,4,4,0
Brunetti,40000965,Rory McIlroy,1,1,4,4,0
Brunetti,40000965,Rory McIlroy,2,1,4,5,2
Brunetti,40000965,Rory McIlroy,3,1,5,4,-1
Brunetti,40000965,Rory McIlroy,4,1,3,3,0
Brunetti,40000965,Rory McIlroy,5,1,4,4,0
Brunetti,40000965,Rory McIlroy,6,1,3,3,0
Brunetti,40000965,Rory McIlroy,7,1,4,4,0
Brunetti,40000965,Rory McIlroy,8,1,4,5,2
Brunetti,40000965,Rory McIlroy,9,1,3,4,2
Brunetti,40000965,Rory McIlroy,10,1,4,4,0
Brunetti,40000965,Rory McIlroy,11,1,4,4,0
Brunetti,40000965,Rory McIlroy,12,1,3,3,0
Brunetti,40000965,Rory McIlroy,13,1,4,5,2
Brunetti,40000965,Rory McIlroy,14,1,3,4,2
Brunetti,40000965,Rory McIlroy,15,1,4,5,2
Brunetti,40000965,Rory McIlroy,16,1,3,3,0
Brunetti,40000965,Rory McIlroy,17,1,4,4,0
Brunetti,40000965,Rory McIlroy,18,1,4,4,0
Brunetti,40000010,Adam Scott,1,1,5,4,-1
Brunetti,40000010,Adam Scott,2,1,5,5,0
Brunetti,40000010,Adam Scott,3,1,4,4,0
Brunetti,40000010,Adam Scott,4,1,3,3,0
Brunetti,40000010,Adam Scott,5,1,4,4,0
Brunetti,40000010,Adam Scott,6,1,3,3,0
Brunetti,40000010,Adam Scott,7,1,5,4,-1
Brunetti,40000010,Adam Scott,8,1,4,5,2
Brunetti,40000010,Adam Scott,9,1,5,4,-1
Brunetti,40000010,Adam Scott,10,1,4,4,0
Brunetti,40000010,Adam Scott,11,1,4,4,0
Brunetti,40000010,Adam Scott,12,1,2,3,2
Brunetti,40000010,Adam Scott,13,1,3,5,5
Brunetti,40000010,Adam Scott,14,1,4,4,0
Brunetti,40000010,Adam Scott,15,1,6,5,-1
Brunetti,40000010,Adam Scott,16,1,2,3,2
Brunetti,40000010,Adam Scott,17,1,4,4,0
Brunetti,40000010,Adam Scott,18,1,5,4,-1
#N/A,40000285,Fred Couples,1,1,3,4,2
#N/A,40000285,Fred Couples,2,1,4,5,2
#N/A,40000285,Fred Couples,3,1,4,4,0
#N/A,40000285,Fred Couples,4,1,3,3,0
#N/A,40000285,Fred Couples,5,1,4,4,0
#N/A,40000285,Fred Couples,6,1,3,3,0
#N/A,40000285,Fred Couples,7,1,4,4,0
#N/A,40000285,Fred Couples,8,1,5,5,0
#N/A,40000285,Fred Couples,9,1,4,4,0
#N/A,40000285,Fred Couples,10,1,5,4,-1
#N/A,40000285,Fred Couples,11,1,4,4,0
#N/A,40000285,Fred Couples,12,1,3,3,0
#N/A,40000285,Fred Couples,13,1,4,5,2
#N/A,40000285,Fred Couples,14,1,4,4,0
#N/A,40000285,Fred Couples,15,1,8,5,-3
#N/A,40000285,Fred Couples,16,1,5,3,-3
#N/A,40000285,Fred Couples,17,1,6,4,-3
#N/A,40000285,Fred Couples,18,1,4,4,0
#N/A,40006413,Brandon Holtz,1,1,4,4,0
#N/A,40006413,Brandon Holtz,2,1,5,5,0
#N/A,40006413,Brandon Holtz,3,1,5,4,-1
#N/A,40006413,Brandon Holtz,4,1,3,3,0
#N/A,40006413,Brandon Holtz,5,1,5,4,-1
#N/A,40006413,Brandon Holtz,6,1,3,3,0
#N/A,40006413,Brandon Holtz,7,1,6,4,-3
#N/A,40006413,Brandon Holtz,8,1,5,5,0
#N/A,40006413,Brandon Holtz,9,1,4,4,0
#N/A,40006413,Brandon Holtz,10,1,6,4,-3
#N/A,40006413,Brandon Holtz,11,1,4,4,0
#N/A,40006413,Brandon Holtz,12,1,4,3,-1
#N/A,40006413,Brandon Holtz,13,1,5,5,0
#N/A,40006413,Brandon Holtz,14,1,4,4,0
#N/A,40006413,Brandon Holtz,15,1,6,5,-1
#N/A,40006413,Brandon Holtz,16,1,3,3,0
#N/A,40006413,Brandon Holtz,17,1,5,4,-1
#N/A,40006413,Brandon Holtz,18,1,4,4,0
#N/A,40001536,Mike Weir,1,1,5,4,-1
#N/A,40001536,Mike Weir,2,1,5,5,0
#N/A,40001536,Mike Weir,3,1,6,4,-3
#N/A,40001536,Mike Weir,4,1,3,3,0
#N/A,40001536,Mike Weir,5,1,4,4,0
#N/A,40001536,Mike Weir,6,1,4,3,-1
#N/A,40001536,Mike Weir,7,1,4,4,0
#N/A,40001536,Mike Weir,8,1,6,5,-1
#N/A,40001536,Mike Weir,9,1,4,4,0
#N/A,40001536,Mike Weir,10,1,5,4,-1
#N/A,40001536,Mike Weir,11,1,4,4,0
#N/A,40001536,Mike Weir,12,1,3,3,0
#N/A,40001536,Mike Weir,13,1,4,5,2
#N/A,40001536,Mike Weir,14,1,4,4,0
#N/A,40001536,Mike Weir,15,1,6,5,-1
#N/A,40001536,Mike Weir,16,1,3,3,0
#N/A,40001536,Mike Weir,17,1,6,4,-3
#N/A,40001536,Mike Weir,18,1,5,4,-1
Campbell,40000314,Jason Day,1,1,4,4,0
Campbell,40000314,Jason Day,2,1,5,5,0
Campbell,40000314,Jason Day,3,1,5,4,-1
Campbell,40000314,Jason Day,4,1,3,3,0
Campbell,40000314,Jason Day,5,1,4,4,0
Campbell,40000314,Jason Day,6,1,3,3,0
Campbell,40000314,Jason Day,7,1,4,4,0
Campbell,40000314,Jason Day,8,1,4,5,2
Campbell,40000314,Jason Day,9,1,4,4,0
Campbell,40000314,Jason Day,10,1,4,4,0
Campbell,40000314,Jason Day,11,1,4,4,0
Campbell,40000314,Jason Day,12,1,2,3,2
Campbell,40000314,Jason Day,13,1,4,5,2
Campbell,40000314,Jason Day,14,1,4,4,0
Campbell,40000314,Jason Day,15,1,5,5,0
Campbell,40000314,Jason Day,16,1,2,3,2
Campbell,40000314,Jason Day,17,1,4,4,0
Campbell,40000314,Jason Day,18,1,4,4,0
Campbell,40000322,Bryson DeChambeau,1,1,4,4,0
Campbell,40000322,Bryson DeChambeau,2,1,6,5,-1
Campbell,40000322,Bryson DeChambeau,3,1,3,4,2
Campbell,40000322,Bryson DeChambeau,4,1,3,3,0
Campbell,40000322,Bryson DeChambeau,5,1,4,4,0
Campbell,40000322,Bryson DeChambeau,6,1,3,3,0
Campbell,40000322,Bryson DeChambeau,7,1,4,4,0
Campbell,40000322,Bryson DeChambeau,8,1,5,5,0
Campbell,40000322,Bryson DeChambeau,9,1,4,4,0
Campbell,40000322,Bryson DeChambeau,10,1,4,4,0
Campbell,40000322,Bryson DeChambeau,11,1,7,4,-3
Campbell,40000322,Bryson DeChambeau,12,1,3,3,0
Campbell,40000322,Bryson DeChambeau,13,1,5,5,0
Campbell,40000322,Bryson DeChambeau,14,1,4,4,0
Campbell,40000322,Bryson DeChambeau,15,1,5,5,0
Campbell,40000322,Bryson DeChambeau,16,1,4,3,-1
Campbell,40000322,Bryson DeChambeau,17,1,3,4,2
Campbell,40000322,Bryson DeChambeau,18,1,5,4,-1
Campbell,40006268,Mason Howell,1,1,4,4,0
Campbell,40006268,Mason Howell,2,1,5,5,0
Campbell,40006268,Mason Howell,3,1,4,4,0
Campbell,40006268,Mason Howell,4,1,5,3,-3
Campbell,40006268,Mason Howell,5,1,4,4,0
Campbell,40006268,Mason Howell,6,1,4,3,-1
Campbell,40006268,Mason Howell,7,1,5,4,-1
Campbell,40006268,Mason Howell,8,1,4,5,2
Campbell,40006268,Mason Howell,9,1,4,4,0
Campbell,40006268,Mason Howell,10,1,5,4,-1
Campbell,40006268,Mason Howell,11,1,4,4,0
Campbell,40006268,Mason Howell,12,1,5,3,-3
Campbell,40006268,Mason Howell,13,1,6,5,-1
Campbell,40006268,Mason Howell,14,1,4,4,0
Campbell,40006268,Mason Howell,15,1,4,5,2
Campbell,40006268,Mason Howell,16,1,2,3,2
Campbell,40006268,Mason Howell,17,1,4,4,0
Campbell,40006268,Mason Howell,18,1,4,4,0
Campbell,40001333,Cameron Smith,1,1,5,4,-1
Campbell,40001333,Cameron Smith,2,1,4,5,2
Campbell,40001333,Cameron Smith,3,1,4,4,0
Campbell,40001333,Cameron Smith,4,1,3,3,0
Campbell,40001333,Cameron Smith,5,1,5,4,-1
Campbell,40001333,Cameron Smith,6,1,3,3,0
Campbell,40001333,Cameron Smith,7,1,4,4,0
Campbell,40001333,Cameron Smith,8,1,4,5,2
Campbell,40001333,Cameron Smith,9,1,4,4,0
Campbell,40001333,Cameron Smith,10,1,4,4,0
Campbell,40001333,Cameron Smith,11,1,4,4,0
Campbell,40001333,Cameron Smith,12,1,3,3,0
Campbell,40001333,Cameron Smith,13,1,6,5,-1
Campbell,40001333,Cameron Smith,14,1,4,4,0
Campbell,40001333,Cameron Smith,15,1,5,5,0
Campbell,40001333,Cameron Smith,16,1,2,3,2
Campbell,40001333,Cameron Smith,17,1,5,4,-1
Campbell,40001333,Cameron Smith,18,1,5,4,-1
Stull,40000432,Tommy Fleetwood,1,1,4,4,0
Stull,40000432,Tommy Fleetwood,2,1,4,5,2
Stull,40000432,Tommy Fleetwood,3,1,3,4,2
Stull,40000432,Tommy Fleetwood,4,1,2,3,2
Stull,40000432,Tommy Fleetwood,5,1,4,4,0
Stull,40000432,Tommy Fleetwood,6,1,3,3,0
Stull,40000432,Tommy Fleetwood,7,1,4,4,0
Stull,40000432,Tommy Fleetwood,8,1,5,5,0
Stull,40000432,Tommy Fleetwood,9,1,3,4,2
Stull,40000432,Tommy Fleetwood,10,1,5,4,-1
Stull,40000432,Tommy Fleetwood,11,1,4,4,0
Stull,40000432,Tommy Fleetwood,12,1,4,3,-1
Stull,40000432,Tommy Fleetwood,13,1,5,5,0
Stull,40000432,Tommy Fleetwood,14,1,3,4,2
Stull,40000432,Tommy Fleetwood,15,1,5,5,0
Stull,40000432,Tommy Fleetwood,16,1,4,3,-1
Stull,40000432,Tommy Fleetwood,17,1,4,4,0
Stull,40000432,Tommy Fleetwood,18,1,5,4,-1
Stull,40006414,Pongsapak Laopakdee,1,1,4,4,0
Stull,40006414,Pongsapak Laopakdee,2,1,4,5,2
Stull,40006414,Pongsapak Laopakdee,3,1,5,4,-1
Stull,40006414,Pongsapak Laopakdee,4,1,4,3,-1
Stull,40006414,Pongsapak Laopakdee,5,1,5,4,-1
Stull,40006414,Pongsapak Laopakdee,6,1,4,3,-1
Stull,40006414,Pongsapak Laopakdee,7,1,5,4,-1
Stull,40006414,Pongsapak Laopakdee,8,1,5,5,0
Stull,40006414,Pongsapak Laopakdee,9,1,4,4,0
Stull,40006414,Pongsapak Laopakdee,10,1,5,4,-1
Stull,40006414,Pongsapak Laopakdee,11,1,5,4,-1
Stull,40006414,Pongsapak Laopakdee,12,1,3,3,0
Stull,40006414,Pongsapak Laopakdee,13,1,4,5,2
Stull,40006414,Pongsapak Laopakdee,14,1,3,4,2
Stull,40006414,Pongsapak Laopakdee,15,1,6,5,-1
Stull,40006414,Pongsapak Laopakdee,16,1,4,3,-1
Stull,40006414,Pongsapak Laopakdee,17,1,5,4,-1
Stull,40006414,Pongsapak Laopakdee,18,1,5,4,-1
Stull,40003697,Marco Penge,1,1,4,4,0
Stull,40003697,Marco Penge,2,1,8,5,-3
Stull,40003697,Marco Penge,3,1,4,4,0
Stull,40003697,Marco Penge,4,1,4,3,-1
Stull,40003697,Marco Penge,5,1,4,4,0
Stull,40003697,Marco Penge,6,1,3,3,0
Stull,40003697,Marco Penge,7,1,4,4,0
Stull,40003697,Marco Penge,8,1,6,5,-1
Stull,40003697,Marco Penge,9,1,4,4,0
Stull,40003697,Marco Penge,10,1,3,4,2
Stull,40003697,Marco Penge,11,1,4,4,0
Stull,40003697,Marco Penge,12,1,3,3,0
Stull,40003697,Marco Penge,13,1,6,5,-1
Stull,40003697,Marco Penge,14,1,4,4,0
Stull,40004729,Sam Stevens,1,1,4,4,0
Stull,40004729,Sam Stevens,2,1,4,5,2
Stull,40004729,Sam Stevens,3,1,4,4,0
Stull,40004729,Sam Stevens,4,1,3,3,0
Stull,40004729,Sam Stevens,5,1,3,4,2
Stull,40004729,Sam Stevens,6,1,3,3,0
Stull,40004729,Sam Stevens,7,1,6,4,-3
Stull,40004729,Sam Stevens,8,1,5,5,0
Stull,40004729,Sam Stevens,9,1,4,4,0
Stull,40004729,Sam Stevens,10,1,5,4,-1
Stull,40004729,Sam Stevens,11,1,5,4,-1
Stull,40004729,Sam Stevens,12,1,2,3,2
Stull,40004729,Sam Stevens,13,1,5,5,0
Stull,40004729,Sam Stevens,14,1,4,4,0
Stull,40004729,Sam Stevens,15,1,5,5,0
Stull,40004729,Sam Stevens,16,1,2,3,2
Stull,40004729,Sam Stevens,17,1,5,4,-1
Stull,40004729,Sam Stevens,18,1,3,4,2